民國年,縣市,稻種,期作,產量_稻穀(公噸)
99,臺北市,稉稻(蓬萊),一期,1391.0
99,高雄市,稉稻(蓬萊),一期,441.3
99,臺北縣,稉稻(蓬萊),一期,990.5
99,宜蘭縣,稉稻(蓬萊),一期,55012.5
99,桃園縣,稉稻(蓬萊),一期,36671.1
99,新竹縣,稉稻(蓬萊),一期,21890.3
99,苗栗縣,稉稻(蓬萊),一期,29104.8
99,臺中縣,稉稻(蓬萊),一期,89235.3
99,彰化縣,稉稻(蓬萊),一期,128288.6
99,南投縣,稉稻(蓬萊),一期,16051.9
99,雲林縣,稉稻(蓬萊),一期,190769.5
99,嘉義縣,稉稻(蓬萊),一期,73874.6
99,臺南縣,稉稻(蓬萊),一期,26308.5
99,高雄縣,稉稻(蓬萊),一期,25072.6
99,屏東縣,稉稻(蓬萊),一期,36944.2
99,臺東縣,稉稻(蓬萊),一期,39598.7
99,花蓮縣,稉稻(蓬萊),一期,44189.0
99,新竹市,稉稻(蓬萊),一期,2916.9
99,臺中市,稉稻(蓬萊),一期,5367.4
99,嘉義市,稉稻(蓬萊),一期,3458.7
99,臺南市,稉稻(蓬萊),一期,117.9
99,臺北市,稉稻(蓬萊),二期,664.4
99,高雄市,稉稻(蓬萊),二期,3.5
99,臺北縣,稉稻(蓬萊),二期,49.8
99,宜蘭縣,稉稻(蓬萊),二期,12.0
99,桃園縣,稉稻(蓬萊),二期,15760.0
99,新竹縣,稉稻(蓬萊),二期,15126.8
99,苗栗縣,稉稻(蓬萊),二期,21854.4
99,臺中縣,稉稻(蓬萊),二期,53634.4
99,彰化縣,稉稻(蓬萊),二期,74006.7
99,南投縣,稉稻(蓬萊),二期,12034.1
99,雲林縣,稉稻(蓬萊),二期,61737.8
99,嘉義縣,稉稻(蓬萊),二期,65358.2
99,臺南縣,稉稻(蓬萊),二期,44431.5
99,高雄縣,稉稻(蓬萊),二期,2133.1
99,屏東縣,稉稻(蓬萊),二期,4501.2
99,臺東縣,稉稻(蓬萊),二期,30352.4
99,花蓮縣,稉稻(蓬萊),二期,33096.5
99,新竹市,稉稻(蓬萊),二期,2827.4
99,臺中市,稉稻(蓬萊),二期,4026.1
99,嘉義市,稉稻(蓬萊),二期,2090.4
99,臺南市,稉稻(蓬萊),二期,775.5
99,桃園縣,硬秈稻(在來),一期,81.3
99,苗栗縣,硬秈稻(在來),一期,138.2
99,臺中縣,硬秈稻(在來),一期,532.3
99,彰化縣,硬秈稻(在來),一期,420.0
99,南投縣,硬秈稻(在來),一期,4.4
99,雲林縣,硬秈稻(在來),一期,3849.9
99,嘉義縣,硬秈稻(在來),一期,2405.4
99,臺南縣,硬秈稻(在來),一期,667.5
99,高雄縣,硬秈稻(在來),一期,156.5
99,屏東縣,硬秈稻(在來),一期,1881.8
99,花蓮縣,硬秈稻(在來),一期,597.1
99,嘉義市,硬秈稻(在來),一期,1224.2
99,臺南市,硬秈稻(在來),一期,148.7
99,桃園縣,硬秈稻(在來),二期,109.5
99,苗栗縣,硬秈稻(在來),二期,28.9
99,臺中縣,硬秈稻(在來),二期,354.1
99,彰化縣,硬秈稻(在來),二期,439.4
99,雲林縣,硬秈稻(在來),二期,1524.8
99,嘉義縣,硬秈稻(在來),二期,1217.4
99,臺南縣,硬秈稻(在來),二期,143.9
99,高雄縣,硬秈稻(在來),二期,29.0
99,屏東縣,硬秈稻(在來),二期,69.4
99,花蓮縣,硬秈稻(在來),二期,55.8
99,嘉義市,硬秈稻(在來),二期,1048.1
99,臺南市,硬秈稻(在來),二期,35.1
99,宜蘭縣,軟秈稻(長秈),一期,5735.7
99,桃園縣,軟秈稻(長秈),一期,284.6
99,苗栗縣,軟秈稻(長秈),一期,311.5
99,臺中縣,軟秈稻(長秈),一期,765.0
99,彰化縣,軟秈稻(長秈),一期,48973.1
99,南投縣,軟秈稻(長秈),一期,1257.6
99,雲林縣,軟秈稻(長秈),一期,2088.0
99,臺南縣,軟秈稻(長秈),一期,1650.3
99,高雄縣,軟秈稻(長秈),一期,127.1
99,花蓮縣,軟秈稻(長秈),一期,621.9
99,臺南市,軟秈稻(長秈),一期,26.0
99,桃園縣,軟秈稻(長秈),二期,4.5
99,苗栗縣,軟秈稻(長秈),二期,40.1
99,臺中縣,軟秈稻(長秈),二期,141.7
99,彰化縣,軟秈稻(長秈),二期,20855.9
99,雲林縣,軟秈稻(長秈),二期,175.8
99,臺南縣,軟秈稻(長秈),二期,457.5
99,高雄縣,軟秈稻(長秈),二期,32.6
99,花蓮縣,軟秈稻(長秈),二期,497.5
99,臺南市,軟秈稻(長秈),二期,184.5
99,臺北縣,稉糯稻(圓糯),一期,1.7
99,宜蘭縣,稉糯稻(圓糯),一期,770.2
99,桃園縣,稉糯稻(圓糯),一期,5.7
99,苗栗縣,稉糯稻(圓糯),一期,110.3
99,臺中縣,稉糯稻(圓糯),一期,1135.0
99,彰化縣,稉糯稻(圓糯),一期,1192.2
99,南投縣,稉糯稻(圓糯),一期,49.1
99,雲林縣,稉糯稻(圓糯),一期,12620.6
99,嘉義縣,稉糯稻(圓糯),一期,1127.6
99,臺南縣,稉糯稻(圓糯),一期,2706.2
99,高雄縣,稉糯稻(圓糯),一期,17.7
99,屏東縣,稉糯稻(圓糯),一期,33.8
99,臺東縣,稉糯稻(圓糯),一期,381.6
99,花蓮縣,稉糯稻(圓糯),一期,1099.9
99,臺中市,稉糯稻(圓糯),一期,16.6
99,嘉義市,稉糯稻(圓糯),一期,222.3
99,臺南市,稉糯稻(圓糯),一期,164.7
99,臺北縣,稉糯稻(圓糯),二期,0.0
99,桃園縣,稉糯稻(圓糯),二期,3.9
99,苗栗縣,稉糯稻(圓糯),二期,38.3
99,臺中縣,稉糯稻(圓糯),二期,765.0
99,彰化縣,稉糯稻(圓糯),二期,823.9
99,南投縣,稉糯稻(圓糯),二期,20.0
99,雲林縣,稉糯稻(圓糯),二期,7092.4
99,嘉義縣,稉糯稻(圓糯),二期,971.1
99,臺南縣,稉糯稻(圓糯),二期,948.0
99,屏東縣,稉糯稻(圓糯),二期,0.8
99,臺東縣,稉糯稻(圓糯),二期,526.7
99,花蓮縣,稉糯稻(圓糯),二期,980.4
99,臺中市,稉糯稻(圓糯),二期,11.5
99,嘉義市,稉糯稻(圓糯),二期,139.3
99,臺南市,稉糯稻(圓糯),二期,8.5
99,宜蘭縣,秈糯稻(長糯),一期,42.0
99,苗栗縣,秈糯稻(長糯),一期,29.6
99,臺中縣,秈糯稻(長糯),一期,70.7
99,彰化縣,秈糯稻(長糯),一期,13889.7
99,南投縣,秈糯稻(長糯),一期,7.0
99,雲林縣,秈糯稻(長糯),一期,8990.2
99,嘉義縣,秈糯稻(長糯),一期,570.3
99,臺南縣,秈糯稻(長糯),一期,8343.0
99,高雄縣,秈糯稻(長糯),一期,1524.6
99,屏東縣,秈糯稻(長糯),一期,184.7
99,臺東縣,秈糯稻(長糯),一期,177.0
99,花蓮縣,秈糯稻(長糯),一期,85.7
99,嘉義市,秈糯稻(長糯),一期,90.4
99,臺南市,秈糯稻(長糯),一期,114.9
99,苗栗縣,秈糯稻(長糯),二期,22.8
99,臺中縣,秈糯稻(長糯),二期,23.0
99,彰化縣,秈糯稻(長糯),二期,6911.0
99,南投縣,秈糯稻(長糯),二期,32.0
99,雲林縣,秈糯稻(長糯),二期,1577.0
99,嘉義縣,秈糯稻(長糯),二期,165.9
99,臺南縣,秈糯稻(長糯),二期,217.4
99,高雄縣,秈糯稻(長糯),二期,6.7
99,屏東縣,秈糯稻(長糯),二期,5.5
99,臺東縣,秈糯稻(長糯),二期,43.2
99,花蓮縣,秈糯稻(長糯),二期,248.4
99,嘉義市,秈糯稻(長糯),二期,34.0
99,臺南市,秈糯稻(長糯),二期,54.0
100,新北市,稉稻(蓬萊),一期,935.9
100,臺北市,稉稻(蓬萊),一期,1376.5
100,臺中市,稉稻(蓬萊),一期,98189.9
100,臺南市,稉稻(蓬萊),一期,79614.4
100,高雄市,稉稻(蓬萊),一期,27107.3
100,宜蘭縣,稉稻(蓬萊),一期,55496.8
100,桃園縣,稉稻(蓬萊),一期,39563.1
100,新竹縣,稉稻(蓬萊),一期,23983.8
100,苗栗縣,稉稻(蓬萊),一期,37161.4
100,彰化縣,稉稻(蓬萊),一期,132984.5
100,南投縣,稉稻(蓬萊),一期,17507.3
100,雲林縣,稉稻(蓬萊),一期,198542.9
100,嘉義縣,稉稻(蓬萊),一期,122589.0
100,屏東縣,稉稻(蓬萊),一期,36341.7
100,臺東縣,稉稻(蓬萊),一期,39871.3
100,花蓮縣,稉稻(蓬萊),一期,47771.2
100,新竹市,稉稻(蓬萊),一期,3939.7
100,嘉義市,稉稻(蓬萊),一期,3680.7
100,新北市,稉稻(蓬萊),二期,30.8
100,臺北市,稉稻(蓬萊),二期,632.8
100,臺中市,稉稻(蓬萊),二期,74689.1
100,臺南市,稉稻(蓬萊),二期,46713.9
100,高雄市,稉稻(蓬萊),二期,2048.9
100,宜蘭縣,稉稻(蓬萊),二期,3.7
100,桃園縣,稉稻(蓬萊),二期,17128.2
100,新竹縣,稉稻(蓬萊),二期,17203.3
100,苗栗縣,稉稻(蓬萊),二期,24366.9
100,彰化縣,稉稻(蓬萊),二期,88422.7
100,南投縣,稉稻(蓬萊),二期,13023.8
100,雲林縣,稉稻(蓬萊),二期,71596.7
100,嘉義縣,稉稻(蓬萊),二期,77994.5
100,屏東縣,稉稻(蓬萊),二期,4699.2
100,臺東縣,稉稻(蓬萊),二期,28919.5
100,花蓮縣,稉稻(蓬萊),二期,34215.5
100,新竹市,稉稻(蓬萊),二期,3002.9
100,嘉義市,稉稻(蓬萊),二期,2189.0
100,臺中市,硬秈稻(在來),一期,535.0
100,臺南市,硬秈稻(在來),一期,399.7
100,高雄市,硬秈稻(在來),一期,16.4
100,桃園縣,硬秈稻(在來),一期,65.9
100,苗栗縣,硬秈稻(在來),一期,135.6
100,彰化縣,硬秈稻(在來),一期,335.6
100,南投縣,硬秈稻(在來),一期,34.2
100,雲林縣,硬秈稻(在來),一期,3895.6
100,嘉義縣,硬秈稻(在來),一期,4105.3
100,屏東縣,硬秈稻(在來),一期,2572.3
100,花蓮縣,硬秈稻(在來),一期,268.5
100,嘉義市,硬秈稻(在來),一期,1401.5
100,臺中市,硬秈稻(在來),二期,399.8
100,臺南市,硬秈稻(在來),二期,205.9
100,高雄市,硬秈稻(在來),二期,3.7
100,桃園縣,硬秈稻(在來),二期,88.8
100,苗栗縣,硬秈稻(在來),二期,6.2
100,彰化縣,硬秈稻(在來),二期,329.3
100,雲林縣,硬秈稻(在來),二期,1487.5
100,嘉義縣,硬秈稻(在來),二期,1436.1
100,屏東縣,硬秈稻(在來),二期,145.7
100,花蓮縣,硬秈稻(在來),二期,102.0
100,嘉義市,硬秈稻(在來),二期,930.2
100,臺中市,軟秈稻(長秈),一期,630.3
100,臺南市,軟秈稻(長秈),一期,3839.5
100,高雄市,軟秈稻(長秈),一期,398.7
100,宜蘭縣,軟秈稻(長秈),一期,5782.8
100,桃園縣,軟秈稻(長秈),一期,958.8
100,苗栗縣,軟秈稻(長秈),一期,37.6
100,彰化縣,軟秈稻(長秈),一期,48789.0
100,南投縣,軟秈稻(長秈),一期,1190.4
100,雲林縣,軟秈稻(長秈),一期,2744.5
100,花蓮縣,軟秈稻(長秈),一期,632.5
100,臺中市,軟秈稻(長秈),二期,151.0
100,臺南市,軟秈稻(長秈),二期,709.7
100,高雄市,軟秈稻(長秈),二期,76.1
100,桃園縣,軟秈稻(長秈),二期,9.7
100,苗栗縣,軟秈稻(長秈),二期,22.5
100,彰化縣,軟秈稻(長秈),二期,17521.3
100,雲林縣,軟秈稻(長秈),二期,147.4
100,嘉義縣,軟秈稻(長秈),二期,81.0
100,花蓮縣,軟秈稻(長秈),二期,417.9
100,新北市,稉糯稻(圓糯),一期,0.0
100,臺中市,稉糯稻(圓糯),一期,1644.9
100,臺南市,稉糯稻(圓糯),一期,4329.1
100,高雄市,稉糯稻(圓糯),一期,43.5
100,宜蘭縣,稉糯稻(圓糯),一期,1097.6
100,桃園縣,稉糯稻(圓糯),一期,5.3
100,苗栗縣,稉糯稻(圓糯),一期,56.2
100,彰化縣,稉糯稻(圓糯),一期,1174.7
100,南投縣,稉糯稻(圓糯),一期,32.1
100,雲林縣,稉糯稻(圓糯),一期,12579.0
100,嘉義縣,稉糯稻(圓糯),一期,1400.6
100,屏東縣,稉糯稻(圓糯),一期,271.5
100,臺東縣,稉糯稻(圓糯),一期,282.0
100,花蓮縣,稉糯稻(圓糯),一期,1957.6
100,嘉義市,稉糯稻(圓糯),一期,253.1
100,臺中市,稉糯稻(圓糯),二期,1355.4
100,臺南市,稉糯稻(圓糯),二期,794.9
100,宜蘭縣,稉糯稻(圓糯),二期,18.7
100,桃園縣,稉糯稻(圓糯),二期,6.6
100,苗栗縣,稉糯稻(圓糯),二期,50.7
100,彰化縣,稉糯稻(圓糯),二期,737.6
100,南投縣,稉糯稻(圓糯),二期,23.1
100,雲林縣,稉糯稻(圓糯),二期,8220.1
100,嘉義縣,稉糯稻(圓糯),二期,787.0
100,屏東縣,稉糯稻(圓糯),二期,5.5
100,臺東縣,稉糯稻(圓糯),二期,504.9
100,花蓮縣,稉糯稻(圓糯),二期,1517.4
100,嘉義市,稉糯稻(圓糯),二期,190.5
100,新北市,秈糯稻(長糯),一期,1.0
100,臺中市,秈糯稻(長糯),一期,12.1
100,臺南市,秈糯稻(長糯),一期,12751.8
100,高雄市,秈糯稻(長糯),一期,2231.8
100,宜蘭縣,秈糯稻(長糯),一期,39.2
100,苗栗縣,秈糯稻(長糯),一期,30.7
100,彰化縣,秈糯稻(長糯),一期,14737.7
100,南投縣,秈糯稻(長糯),一期,7.2
100,雲林縣,秈糯稻(長糯),一期,8702.6
100,嘉義縣,秈糯稻(長糯),一期,626.1
100,屏東縣,秈糯稻(長糯),一期,720.6
100,臺東縣,秈糯稻(長糯),一期,35.4
100,花蓮縣,秈糯稻(長糯),一期,231.4
100,嘉義市,秈糯稻(長糯),一期,103.7
100,臺南市,秈糯稻(長糯),二期,304.3
100,高雄市,秈糯稻(長糯),二期,8.8
100,彰化縣,秈糯稻(長糯),二期,7673.9
100,南投縣,秈糯稻(長糯),二期,34.1
100,雲林縣,秈糯稻(長糯),二期,1525.4
100,嘉義縣,秈糯稻(長糯),二期,292.4
100,臺東縣,秈糯稻(長糯),二期,74.3
100,花蓮縣,秈糯稻(長糯),二期,164.9
100,嘉義市,秈糯稻(長糯),二期,43.2
101,新北市,稉稻(蓬萊),一期,812.7
101,臺北市,稉稻(蓬萊),一期,1270.3
101,臺中市,稉稻(蓬萊),一期,91083.8
101,臺南市,稉稻(蓬萊),一期,79015.4
101,高雄市,稉稻(蓬萊),一期,28933.6
101,宜蘭縣,稉稻(蓬萊),一期,55491.3
101,桃園縣,稉稻(蓬萊),一期,35591.6
101,新竹縣,稉稻(蓬萊),一期,22767.0
101,苗栗縣,稉稻(蓬萊),一期,34769.4
101,彰化縣,稉稻(蓬萊),一期,138514.6
101,南投縣,稉稻(蓬萊),一期,16834.2
101,雲林縣,稉稻(蓬萊),一期,198299.0
101,嘉義縣,稉稻(蓬萊),一期,117150.4
101,屏東縣,稉稻(蓬萊),一期,39370.8
101,臺東縣,稉稻(蓬萊),一期,38727.5
101,花蓮縣,稉稻(蓬萊),一期,42050.9
101,新竹市,稉稻(蓬萊),一期,3059.2
101,嘉義市,稉稻(蓬萊),一期,3666.7
101,新北市,稉稻(蓬萊),二期,27.4
101,臺北市,稉稻(蓬萊),二期,757.9
101,臺中市,稉稻(蓬萊),二期,70160.7
101,臺南市,稉稻(蓬萊),二期,59724.8
101,高雄市,稉稻(蓬萊),二期,1832.9
101,宜蘭縣,稉稻(蓬萊),二期,0.1
101,桃園縣,稉稻(蓬萊),二期,18581.5
101,新竹縣,稉稻(蓬萊),二期,17784.4
101,苗栗縣,稉稻(蓬萊),二期,25963.0
101,彰化縣,稉稻(蓬萊),二期,107419.4
101,南投縣,稉稻(蓬萊),二期,17330.9
101,雲林縣,稉稻(蓬萊),二期,88103.9
101,嘉義縣,稉稻(蓬萊),二期,84716.5
101,屏東縣,稉稻(蓬萊),二期,3671.5
101,臺東縣,稉稻(蓬萊),二期,33366.2
101,花蓮縣,稉稻(蓬萊),二期,36928.8
101,新竹市,稉稻(蓬萊),二期,2910.1
101,嘉義市,稉稻(蓬萊),二期,2673.4
101,臺中市,硬秈稻(在來),一期,535.7
101,臺南市,硬秈稻(在來),一期,358.6
101,高雄市,硬秈稻(在來),一期,134.0
101,桃園縣,硬秈稻(在來),一期,58.4
101,苗栗縣,硬秈稻(在來),一期,32.3
101,彰化縣,硬秈稻(在來),一期,216.7
101,雲林縣,硬秈稻(在來),一期,2899.0
101,嘉義縣,硬秈稻(在來),一期,2841.2
101,屏東縣,硬秈稻(在來),一期,2994.2
101,花蓮縣,硬秈稻(在來),一期,716.7
101,嘉義市,硬秈稻(在來),一期,1438.7
101,臺中市,硬秈稻(在來),二期,410.1
101,臺南市,硬秈稻(在來),二期,401.4
101,高雄市,硬秈稻(在來),二期,46.1
101,桃園縣,硬秈稻(在來),二期,80.7
101,苗栗縣,硬秈稻(在來),二期,12.5
101,彰化縣,硬秈稻(在來),二期,250.0
101,雲林縣,硬秈稻(在來),二期,1540.0
101,嘉義縣,硬秈稻(在來),二期,1652.6
101,屏東縣,硬秈稻(在來),二期,118.7
101,花蓮縣,硬秈稻(在來),二期,840.3
101,嘉義市,硬秈稻(在來),二期,1248.6
101,臺中市,軟秈稻(長秈),一期,712.5
101,臺南市,軟秈稻(長秈),一期,3728.3
101,高雄市,軟秈稻(長秈),一期,388.0
101,宜蘭縣,軟秈稻(長秈),一期,5122.4
101,桃園縣,軟秈稻(長秈),一期,1278.0
101,新竹縣,軟秈稻(長秈),一期,68.1
101,苗栗縣,軟秈稻(長秈),一期,47.7
101,彰化縣,軟秈稻(長秈),一期,38847.5
101,南投縣,軟秈稻(長秈),一期,795.6
101,雲林縣,軟秈稻(長秈),一期,1756.8
101,嘉義縣,軟秈稻(長秈),一期,279.9
101,臺中市,軟秈稻(長秈),二期,126.0
101,臺南市,軟秈稻(長秈),二期,643.6
101,高雄市,軟秈稻(長秈),二期,34.0
101,桃園縣,軟秈稻(長秈),二期,127.3
101,新竹縣,軟秈稻(長秈),二期,24.4
101,苗栗縣,軟秈稻(長秈),二期,21.7
101,彰化縣,軟秈稻(長秈),二期,16759.0
101,雲林縣,軟秈稻(長秈),二期,163.7
101,嘉義縣,軟秈稻(長秈),二期,275.0
101,花蓮縣,軟秈稻(長秈),二期,31.6
101,新北市,稉糯稻(圓糯),一期,0.1
101,臺中市,稉糯稻(圓糯),一期,1563.4
101,臺南市,稉糯稻(圓糯),一期,4528.0
101,高雄市,稉糯稻(圓糯),一期,41.8
101,宜蘭縣,稉糯稻(圓糯),一期,702.5
101,苗栗縣,稉糯稻(圓糯),一期,75.7
101,彰化縣,稉糯稻(圓糯),一期,1173.8
101,南投縣,稉糯稻(圓糯),一期,24.6
101,雲林縣,稉糯稻(圓糯),一期,10709.5
101,嘉義縣,稉糯稻(圓糯),一期,744.7
101,屏東縣,稉糯稻(圓糯),一期,260.4
101,臺東縣,稉糯稻(圓糯),一期,157.3
101,花蓮縣,稉糯稻(圓糯),一期,1042.7
101,臺中市,稉糯稻(圓糯),二期,1166.0
101,臺南市,稉糯稻(圓糯),二期,1621.7
101,苗栗縣,稉糯稻(圓糯),二期,44.0
101,彰化縣,稉糯稻(圓糯),二期,693.8
101,南投縣,稉糯稻(圓糯),二期,23.1
101,雲林縣,稉糯稻(圓糯),二期,9215.8
101,嘉義縣,稉糯稻(圓糯),二期,870.1
101,臺東縣,稉糯稻(圓糯),二期,507.7
101,花蓮縣,稉糯稻(圓糯),二期,586.9
101,嘉義市,稉糯稻(圓糯),二期,196.6
101,新北市,秈糯稻(長糯),一期,1.6
101,臺中市,秈糯稻(長糯),一期,10.3
101,臺南市,秈糯稻(長糯),一期,12803.3
101,高雄市,秈糯稻(長糯),一期,2161.3
101,苗栗縣,秈糯稻(長糯),一期,27.7
101,彰化縣,秈糯稻(長糯),一期,17235.8
101,南投縣,秈糯稻(長糯),一期,6.6
101,雲林縣,秈糯稻(長糯),一期,8465.1
101,嘉義縣,秈糯稻(長糯),一期,408.5
101,屏東縣,秈糯稻(長糯),一期,241.2
101,臺東縣,秈糯稻(長糯),一期,4.7
101,花蓮縣,秈糯稻(長糯),一期,181.2
101,嘉義市,秈糯稻(長糯),一期,102.8
101,臺南市,秈糯稻(長糯),二期,806.9
101,高雄市,秈糯稻(長糯),二期,9.6
101,苗栗縣,秈糯稻(長糯),二期,6.1
101,彰化縣,秈糯稻(長糯),二期,10276.0
101,南投縣,秈糯稻(長糯),二期,40.0
101,雲林縣,秈糯稻(長糯),二期,1668.1
101,嘉義縣,秈糯稻(長糯),二期,227.9
101,屏東縣,秈糯稻(長糯),二期,2.1
101,花蓮縣,秈糯稻(長糯),二期,126.1
101,嘉義市,秈糯稻(長糯),二期,45.9
102,新北市,稉稻(蓬萊),一期,710.4
102,臺北市,稉稻(蓬萊),一期,1091.4
102,臺中市,稉稻(蓬萊),一期,84408.5
102,臺南市,稉稻(蓬萊),一期,66795.5
102,高雄市,稉稻(蓬萊),一期,29869.0
102,宜蘭縣,稉稻(蓬萊),一期,61454.8
102,桃園縣,稉稻(蓬萊),一期,41589.4
102,新竹縣,稉稻(蓬萊),一期,25235.4
102,苗栗縣,稉稻(蓬萊),一期,39820.6
102,彰化縣,稉稻(蓬萊),一期,134025.9
102,南投縣,稉稻(蓬萊),一期,15909.9
102,雲林縣,稉稻(蓬萊),一期,181422.4
102,嘉義縣,稉稻(蓬萊),一期,105356.8
102,屏東縣,稉稻(蓬萊),一期,39152.9
102,臺東縣,稉稻(蓬萊),一期,35840.7
102,花蓮縣,稉稻(蓬萊),一期,42311.5
102,新竹市,稉稻(蓬萊),一期,3025.8
102,嘉義市,稉稻(蓬萊),一期,3346.8
102,新北市,稉稻(蓬萊),二期,14.6
102,臺北市,稉稻(蓬萊),二期,602.9
102,臺中市,稉稻(蓬萊),二期,57359.6
102,臺南市,稉稻(蓬萊),二期,49473.0
102,高雄市,稉稻(蓬萊),二期,1993.6
102,宜蘭縣,稉稻(蓬萊),二期,0.6
102,桃園縣,稉稻(蓬萊),二期,17331.5
102,新竹縣,稉稻(蓬萊),二期,16482.9
102,苗栗縣,稉稻(蓬萊),二期,23996.2
102,彰化縣,稉稻(蓬萊),二期,101091.9
102,南投縣,稉稻(蓬萊),二期,13980.9
102,雲林縣,稉稻(蓬萊),二期,81237.9
102,嘉義縣,稉稻(蓬萊),二期,67369.8
102,屏東縣,稉稻(蓬萊),二期,3714.5
102,臺東縣,稉稻(蓬萊),二期,31931.7
102,花蓮縣,稉稻(蓬萊),二期,38689.6
102,新竹市,稉稻(蓬萊),二期,2323.5
102,嘉義市,稉稻(蓬萊),二期,2733.1
102,新北市,硬秈稻(在來),一期,4.3
102,臺中市,硬秈稻(在來),一期,236.4
102,臺南市,硬秈稻(在來),一期,280.6
102,高雄市,硬秈稻(在來),一期,3.5
102,桃園縣,硬秈稻(在來),一期,61.9
102,苗栗縣,硬秈稻(在來),一期,65.3
102,彰化縣,硬秈稻(在來),一期,148.2
102,雲林縣,硬秈稻(在來),一期,2357.4
102,嘉義縣,硬秈稻(在來),一期,2418.0
102,屏東縣,硬秈稻(在來),一期,3306.9
102,花蓮縣,硬秈稻(在來),一期,196.4
102,嘉義市,硬秈稻(在來),一期,992.2
102,臺中市,硬秈稻(在來),二期,338.1
102,臺南市,硬秈稻(在來),二期,246.1
102,高雄市,硬秈稻(在來),二期,9.5
102,桃園縣,硬秈稻(在來),二期,84.8
102,苗栗縣,硬秈稻(在來),二期,16.4
102,彰化縣,硬秈稻(在來),二期,229.3
102,雲林縣,硬秈稻(在來),二期,918.4
102,嘉義縣,硬秈稻(在來),二期,1279.6
102,屏東縣,硬秈稻(在來),二期,49.6
102,花蓮縣,硬秈稻(在來),二期,220.6
102,嘉義市,硬秈稻(在來),二期,668.8
102,臺中市,軟秈稻(長秈),一期,461.4
102,臺南市,軟秈稻(長秈),一期,2897.2
102,高雄市,軟秈稻(長秈),一期,387.6
102,宜蘭縣,軟秈稻(長秈),一期,5299.5
102,桃園縣,軟秈稻(長秈),一期,1703.0
102,新竹縣,軟秈稻(長秈),一期,55.4
102,苗栗縣,軟秈稻(長秈),一期,52.0
102,彰化縣,軟秈稻(長秈),一期,40670.2
102,南投縣,軟秈稻(長秈),一期,686.8
102,雲林縣,軟秈稻(長秈),一期,1445.2
102,嘉義縣,軟秈稻(長秈),一期,301.8
102,花蓮縣,軟秈稻(長秈),一期,1244.1
102,臺中市,軟秈稻(長秈),二期,130.1
102,臺南市,軟秈稻(長秈),二期,198.3
102,高雄市,軟秈稻(長秈),二期,52.4
102,桃園縣,軟秈稻(長秈),二期,103.2
102,新竹縣,軟秈稻(長秈),二期,23.1
102,苗栗縣,軟秈稻(長秈),二期,63.2
102,彰化縣,軟秈稻(長秈),二期,12548.1
102,雲林縣,軟秈稻(長秈),二期,133.4
102,嘉義縣,軟秈稻(長秈),二期,30.6
102,花蓮縣,軟秈稻(長秈),二期,1317.0
102,新北市,稉糯稻(圓糯),一期,0.1
102,臺中市,稉糯稻(圓糯),一期,1201.0
102,臺南市,稉糯稻(圓糯),一期,5224.8
102,高雄市,稉糯稻(圓糯),一期,0.7
102,宜蘭縣,稉糯稻(圓糯),一期,1141.0
102,苗栗縣,稉糯稻(圓糯),一期,34.4
102,彰化縣,稉糯稻(圓糯),一期,1123.9
102,南投縣,稉糯稻(圓糯),一期,26.4
102,雲林縣,稉糯稻(圓糯),一期,7991.0
102,嘉義縣,稉糯稻(圓糯),一期,537.8
102,屏東縣,稉糯稻(圓糯),一期,61.7
102,臺東縣,稉糯稻(圓糯),一期,153.9
102,花蓮縣,稉糯稻(圓糯),一期,629.8
102,嘉義市,稉糯稻(圓糯),一期,211.7
102,臺中市,稉糯稻(圓糯),二期,1017.2
102,臺南市,稉糯稻(圓糯),二期,1761.7
102,高雄市,稉糯稻(圓糯),二期,1.6
102,苗栗縣,稉糯稻(圓糯),二期,51.3
102,彰化縣,稉糯稻(圓糯),二期,333.2
102,南投縣,稉糯稻(圓糯),二期,160.8
102,雲林縣,稉糯稻(圓糯),二期,7221.1
102,嘉義縣,稉糯稻(圓糯),二期,872.9
102,屏東縣,稉糯稻(圓糯),二期,1.2
102,臺東縣,稉糯稻(圓糯),二期,471.3
102,花蓮縣,稉糯稻(圓糯),二期,617.2
102,嘉義市,稉糯稻(圓糯),二期,109.6
102,臺中市,秈糯稻(長糯),一期,5.6
102,臺南市,秈糯稻(長糯),一期,9870.8
102,高雄市,秈糯稻(長糯),一期,3984.3
102,宜蘭縣,秈糯稻(長糯),一期,48.6
102,苗栗縣,秈糯稻(長糯),一期,27.0
102,彰化縣,秈糯稻(長糯),一期,17758.3
102,南投縣,秈糯稻(長糯),一期,12.8
102,雲林縣,秈糯稻(長糯),一期,8888.9
102,嘉義縣,秈糯稻(長糯),一期,683.3
102,屏東縣,秈糯稻(長糯),一期,390.6
102,臺東縣,秈糯稻(長糯),一期,12.0
102,花蓮縣,秈糯稻(長糯),一期,131.1
102,嘉義市,秈糯稻(長糯),一期,49.7
102,臺南市,秈糯稻(長糯),二期,322.3
102,高雄市,秈糯稻(長糯),二期,7.8
102,苗栗縣,秈糯稻(長糯),二期,6.3
102,彰化縣,秈糯稻(長糯),二期,8587.3
102,南投縣,秈糯稻(長糯),二期,316.2
102,雲林縣,秈糯稻(長糯),二期,1629.1
102,嘉義縣,秈糯稻(長糯),二期,145.4
102,臺東縣,秈糯稻(長糯),二期,20.0
102,花蓮縣,秈糯稻(長糯),二期,40.8
102,嘉義市,秈糯稻(長糯),二期,37.2
103,新北市,稉稻(蓬萊),一期,799.3
103,臺北市,稉稻(蓬萊),一期,1207.4
103,臺中市,稉稻(蓬萊),一期,83751.2
103,臺南市,稉稻(蓬萊),一期,83057.7
103,高雄市,稉稻(蓬萊),一期,30565.2
103,宜蘭縣,稉稻(蓬萊),一期,62403.5
103,桃園縣,稉稻(蓬萊),一期,52997.7
103,新竹縣,稉稻(蓬萊),一期,25984.8
103,苗栗縣,稉稻(蓬萊),一期,40430.6
103,彰化縣,稉稻(蓬萊),一期,138086.7
103,南投縣,稉稻(蓬萊),一期,15291.5
103,雲林縣,稉稻(蓬萊),一期,197446.9
103,嘉義縣,稉稻(蓬萊),一期,123607.2
103,屏東縣,稉稻(蓬萊),一期,36703.7
103,臺東縣,稉稻(蓬萊),一期,37931.9
103,花蓮縣,稉稻(蓬萊),一期,48965.9
103,新竹市,稉稻(蓬萊),一期,3252.9
103,嘉義市,稉稻(蓬萊),一期,3919.4
103,新北市,稉稻(蓬萊),二期,31.7
103,臺北市,稉稻(蓬萊),二期,959.8
103,臺中市,稉稻(蓬萊),二期,67610.6
103,臺南市,稉稻(蓬萊),二期,58113.8
103,高雄市,稉稻(蓬萊),二期,2697.8
103,桃園縣,稉稻(蓬萊),二期,18864.4
103,新竹縣,稉稻(蓬萊),二期,18000.5
103,苗栗縣,稉稻(蓬萊),二期,24859.3
103,彰化縣,稉稻(蓬萊),二期,110719.1
103,南投縣,稉稻(蓬萊),二期,14614.5
103,雲林縣,稉稻(蓬萊),二期,84417.4
103,嘉義縣,稉稻(蓬萊),二期,83167.4
103,屏東縣,稉稻(蓬萊),二期,4878.4
103,臺東縣,稉稻(蓬萊),二期,36209.0
103,花蓮縣,稉稻(蓬萊),二期,42371.3
103,新竹市,稉稻(蓬萊),二期,2526.0
103,嘉義市,稉稻(蓬萊),二期,3363.6
103,臺中市,硬秈稻(在來),一期,225.2
103,臺南市,硬秈稻(在來),一期,234.0
103,高雄市,硬秈稻(在來),一期,21.5
103,桃園縣,硬秈稻(在來),一期,62.1
103,新竹縣,硬秈稻(在來),一期,66.1
103,苗栗縣,硬秈稻(在來),一期,63.4
103,彰化縣,硬秈稻(在來),一期,188.2
103,雲林縣,硬秈稻(在來),一期,2007.7
103,嘉義縣,硬秈稻(在來),一期,2872.3
103,屏東縣,硬秈稻(在來),一期,3904.1
103,嘉義市,硬秈稻(在來),一期,1098.9
103,臺中市,硬秈稻(在來),二期,328.1
103,臺南市,硬秈稻(在來),二期,234.5
103,苗栗縣,硬秈稻(在來),二期,18.7
103,彰化縣,硬秈稻(在來),二期,740.8
103,雲林縣,硬秈稻(在來),二期,909.8
103,嘉義縣,硬秈稻(在來),二期,1770.0
103,屏東縣,硬秈稻(在來),二期,90.2
103,花蓮縣,硬秈稻(在來),二期,121.9
103,嘉義市,硬秈稻(在來),二期,699.9
103,臺中市,軟秈稻(長秈),一期,390.0
103,臺南市,軟秈稻(長秈),一期,3868.5
103,高雄市,軟秈稻(長秈),一期,274.0
103,宜蘭縣,軟秈稻(長秈),一期,5561.3
103,桃園縣,軟秈稻(長秈),一期,2554.3
103,苗栗縣,軟秈稻(長秈),一期,76.0
103,彰化縣,軟秈稻(長秈),一期,35694.1
103,南投縣,軟秈稻(長秈),一期,839.8
103,雲林縣,軟秈稻(長秈),一期,3078.4
103,嘉義縣,軟秈稻(長秈),一期,799.2
103,花蓮縣,軟秈稻(長秈),一期,597.4
103,臺中市,軟秈稻(長秈),二期,119.6
103,臺南市,軟秈稻(長秈),二期,209.0
103,高雄市,軟秈稻(長秈),二期,31.5
103,桃園縣,軟秈稻(長秈),二期,116.0
103,苗栗縣,軟秈稻(長秈),二期,63.6
103,彰化縣,軟秈稻(長秈),二期,12182.2
103,雲林縣,軟秈稻(長秈),二期,143.9
103,嘉義縣,軟秈稻(長秈),二期,454.1
103,花蓮縣,軟秈稻(長秈),二期,638.2
103,新北市,稉糯稻(圓糯),一期,0.1
103,臺中市,稉糯稻(圓糯),一期,1133.3
103,臺南市,稉糯稻(圓糯),一期,5028.7
103,高雄市,稉糯稻(圓糯),一期,0.7
103,宜蘭縣,稉糯稻(圓糯),一期,1592.5
103,苗栗縣,稉糯稻(圓糯),一期,47.9
103,彰化縣,稉糯稻(圓糯),一期,885.6
103,南投縣,稉糯稻(圓糯),一期,13.8
103,雲林縣,稉糯稻(圓糯),一期,9181.5
103,嘉義縣,稉糯稻(圓糯),一期,686.6
103,屏東縣,稉糯稻(圓糯),一期,426.5
103,臺東縣,稉糯稻(圓糯),一期,195.2
103,花蓮縣,稉糯稻(圓糯),一期,1535.3
103,嘉義市,稉糯稻(圓糯),一期,241.7
103,臺中市,稉糯稻(圓糯),二期,1204.8
103,臺南市,稉糯稻(圓糯),二期,1965.2
103,苗栗縣,稉糯稻(圓糯),二期,37.7
103,彰化縣,稉糯稻(圓糯),二期,402.9
103,南投縣,稉糯稻(圓糯),二期,6.6
103,雲林縣,稉糯稻(圓糯),二期,7067.0
103,嘉義縣,稉糯稻(圓糯),二期,848.9
103,屏東縣,稉糯稻(圓糯),二期,6.0
103,臺東縣,稉糯稻(圓糯),二期,444.8
103,花蓮縣,稉糯稻(圓糯),二期,1101.2
103,嘉義市,稉糯稻(圓糯),二期,121.6
103,臺中市,秈糯稻(長糯),一期,5.5
103,臺南市,秈糯稻(長糯),一期,13660.2
103,高雄市,秈糯稻(長糯),一期,2103.1
103,宜蘭縣,秈糯稻(長糯),一期,70.6
103,苗栗縣,秈糯稻(長糯),一期,36.0
103,彰化縣,秈糯稻(長糯),一期,17584.3
103,南投縣,秈糯稻(長糯),一期,27.6
103,雲林縣,秈糯稻(長糯),一期,9688.7
103,嘉義縣,秈糯稻(長糯),一期,1151.5
103,屏東縣,秈糯稻(長糯),一期,640.6
103,花蓮縣,秈糯稻(長糯),一期,267.8
103,臺南市,秈糯稻(長糯),二期,223.2
103,苗栗縣,秈糯稻(長糯),二期,16.7
103,彰化縣,秈糯稻(長糯),二期,7334.5
103,南投縣,秈糯稻(長糯),二期,319.1
103,雲林縣,秈糯稻(長糯),二期,1340.4
103,嘉義縣,秈糯稻(長糯),二期,253.0
103,屏東縣,秈糯稻(長糯),二期,6.0
103,花蓮縣,秈糯稻(長糯),二期,117.1
103,嘉義市,秈糯稻(長糯),二期,30.9
104,新北市,稉稻(蓬萊),一期,606.9
104,臺北市,稉稻(蓬萊),一期,1304.2
104,桃園市,稉稻(蓬萊),一期,22440.1
104,臺中市,稉稻(蓬萊),一期,86705.4
104,臺南市,稉稻(蓬萊),一期,84635.1
104,高雄市,稉稻(蓬萊),一期,32820.3
104,宜蘭縣,稉稻(蓬萊),一期,66153.5
104,新竹縣,稉稻(蓬萊),一期,9971.5
104,苗栗縣,稉稻(蓬萊),一期,23745.2
104,彰化縣,稉稻(蓬萊),一期,155663.1
104,南投縣,稉稻(蓬萊),一期,16828.6
104,雲林縣,稉稻(蓬萊),一期,218445.6
104,嘉義縣,稉稻(蓬萊),一期,82870.4
104,屏東縣,稉稻(蓬萊),一期,39263.7
104,臺東縣,稉稻(蓬萊),一期,45048.7
104,花蓮縣,稉稻(蓬萊),一期,53025.0
104,新竹市,稉稻(蓬萊),一期,1065.4
104,嘉義市,稉稻(蓬萊),一期,3875.3
104,新北市,稉稻(蓬萊),二期,10.1
104,臺北市,稉稻(蓬萊),二期,528.5
104,桃園市,稉稻(蓬萊),二期,14735.5
104,臺中市,稉稻(蓬萊),二期,54464.7
104,臺南市,稉稻(蓬萊),二期,48583.0
104,高雄市,稉稻(蓬萊),二期,2267.9
104,宜蘭縣,稉稻(蓬萊),二期,20.4
104,新竹縣,稉稻(蓬萊),二期,14864.4
104,苗栗縣,稉稻(蓬萊),二期,22447.4
104,彰化縣,稉稻(蓬萊),二期,90779.4
104,南投縣,稉稻(蓬萊),二期,12235.5
104,雲林縣,稉稻(蓬萊),二期,71107.5
104,嘉義縣,稉稻(蓬萊),二期,71701.4
104,屏東縣,稉稻(蓬萊),二期,4957.0
104,臺東縣,稉稻(蓬萊),二期,34353.0
104,花蓮縣,稉稻(蓬萊),二期,40262.7
104,新竹市,稉稻(蓬萊),二期,2376.9
104,嘉義市,稉稻(蓬萊),二期,2821.1
104,桃園市,硬秈稻(在來),一期,29.5
104,臺中市,硬秈稻(在來),一期,81.7
104,臺南市,硬秈稻(在來),一期,32.4
104,高雄市,硬秈稻(在來),一期,28.5
104,苗栗縣,硬秈稻(在來),一期,34.8
104,彰化縣,硬秈稻(在來),一期,2170.2
104,雲林縣,硬秈稻(在來),一期,1750.4
104,嘉義縣,硬秈稻(在來),一期,2112.6
104,屏東縣,硬秈稻(在來),一期,2433.0
104,嘉義市,硬秈稻(在來),一期,1124.9
104,桃園市,硬秈稻(在來),二期,7.4
104,臺中市,硬秈稻(在來),二期,75.3
104,臺南市,硬秈稻(在來),二期,133.8
104,高雄市,硬秈稻(在來),二期,36.6
104,苗栗縣,硬秈稻(在來),二期,12.0
104,彰化縣,硬秈稻(在來),二期,180.6
104,雲林縣,硬秈稻(在來),二期,641.2
104,嘉義縣,硬秈稻(在來),二期,1631.5
104,花蓮縣,硬秈稻(在來),二期,109.8
104,嘉義市,硬秈稻(在來),二期,580.7
104,桃園市,軟秈稻(長秈),一期,451.3
104,臺中市,軟秈稻(長秈),一期,231.6
104,臺南市,軟秈稻(長秈),一期,3931.4
104,高雄市,軟秈稻(長秈),一期,519.0
104,宜蘭縣,軟秈稻(長秈),一期,5904.8
104,苗栗縣,軟秈稻(長秈),一期,67.1
104,彰化縣,軟秈稻(長秈),一期,32468.3
104,南投縣,軟秈稻(長秈),一期,1127.0
104,雲林縣,軟秈稻(長秈),一期,3010.6
104,嘉義縣,軟秈稻(長秈),一期,748.1
104,花蓮縣,軟秈稻(長秈),一期,1210.2
104,桃園市,軟秈稻(長秈),二期,4.8
104,臺中市,軟秈稻(長秈),二期,204.9
104,臺南市,軟秈稻(長秈),二期,116.3
104,高雄市,軟秈稻(長秈),二期,18.9
104,苗栗縣,軟秈稻(長秈),二期,34.2
104,彰化縣,軟秈稻(長秈),二期,8744.4
104,雲林縣,軟秈稻(長秈),二期,71.2
104,嘉義縣,軟秈稻(長秈),二期,249.7
104,花蓮縣,軟秈稻(長秈),二期,342.3
104,新北市,稉糯稻(圓糯),一期,0.1
104,臺中市,稉糯稻(圓糯),一期,1029.1
104,臺南市,稉糯稻(圓糯),一期,4670.1
104,高雄市,稉糯稻(圓糯),一期,31.5
104,宜蘭縣,稉糯稻(圓糯),一期,1842.0
104,苗栗縣,稉糯稻(圓糯),一期,54.0
104,彰化縣,稉糯稻(圓糯),一期,970.9
104,南投縣,稉糯稻(圓糯),一期,21.9
104,雲林縣,稉糯稻(圓糯),一期,8821.8
104,嘉義縣,稉糯稻(圓糯),一期,692.3
104,屏東縣,稉糯稻(圓糯),一期,594.6
104,臺東縣,稉糯稻(圓糯),一期,314.3
104,花蓮縣,稉糯稻(圓糯),一期,1700.6
104,嘉義市,稉糯稻(圓糯),一期,216.2
104,臺中市,稉糯稻(圓糯),二期,810.1
104,臺南市,稉糯稻(圓糯),二期,1005.9
104,苗栗縣,稉糯稻(圓糯),二期,52.1
104,彰化縣,稉糯稻(圓糯),二期,335.1
104,南投縣,稉糯稻(圓糯),二期,5.1
104,雲林縣,稉糯稻(圓糯),二期,6053.9
104,嘉義縣,稉糯稻(圓糯),二期,680.4
104,屏東縣,稉糯稻(圓糯),二期,5.0
104,臺東縣,稉糯稻(圓糯),二期,568.9
104,花蓮縣,稉糯稻(圓糯),二期,714.4
104,嘉義市,稉糯稻(圓糯),二期,86.2
104,臺中市,秈糯稻(長糯),一期,4.6
104,臺南市,秈糯稻(長糯),一期,11216.2
104,高雄市,秈糯稻(長糯),一期,843.5
104,宜蘭縣,秈糯稻(長糯),一期,108.5
104,彰化縣,秈糯稻(長糯),一期,13384.9
104,南投縣,秈糯稻(長糯),一期,11.5
104,雲林縣,秈糯稻(長糯),一期,7665.5
104,嘉義縣,秈糯稻(長糯),一期,821.7
104,屏東縣,秈糯稻(長糯),一期,632.2
104,花蓮縣,秈糯稻(長糯),一期,428.7
104,嘉義市,秈糯稻(長糯),一期,43.3
104,臺南市,秈糯稻(長糯),二期,116.4
104,高雄市,秈糯稻(長糯),二期,135.8
104,苗栗縣,秈糯稻(長糯),二期,16.5
104,彰化縣,秈糯稻(長糯),二期,7925.1
104,南投縣,秈糯稻(長糯),二期,207.3
104,雲林縣,秈糯稻(長糯),二期,925.0
104,嘉義縣,秈糯稻(長糯),二期,264.6
104,屏東縣,秈糯稻(長糯),二期,7.6
104,花蓮縣,秈糯稻(長糯),二期,48.8
105,新北市,稉稻(蓬萊),一期,833.1
105,臺北市,稉稻(蓬萊),一期,1247.6
105,桃園市,稉稻(蓬萊),一期,65453.7
105,臺中市,稉稻(蓬萊),一期,91585.6
105,臺南市,稉稻(蓬萊),一期,86742.9
105,高雄市,稉稻(蓬萊),一期,30435.3
105,宜蘭縣,稉稻(蓬萊),一期,62576.6
105,新竹縣,稉稻(蓬萊),一期,25223.9
105,苗栗縣,稉稻(蓬萊),一期,42456.8
105,彰化縣,稉稻(蓬萊),一期,150245.3
105,南投縣,稉稻(蓬萊),一期,15918.2
105,雲林縣,稉稻(蓬萊),一期,204737.2
105,嘉義縣,稉稻(蓬萊),一期,124643.6
105,屏東縣,稉稻(蓬萊),一期,39374.3
105,臺東縣,稉稻(蓬萊),一期,39502.1
105,花蓮縣,稉稻(蓬萊),一期,52279.3
105,新竹市,稉稻(蓬萊),一期,3799.7
105,嘉義市,稉稻(蓬萊),一期,3736.4
105,新北市,稉稻(蓬萊),二期,19.6
105,臺北市,稉稻(蓬萊),二期,523.7
105,桃園市,稉稻(蓬萊),二期,11285.8
105,臺中市,稉稻(蓬萊),二期,41342.4
105,臺南市,稉稻(蓬萊),二期,37296.3
105,高雄市,稉稻(蓬萊),二期,1910.5
105,新竹縣,稉稻(蓬萊),二期,15829.7
105,苗栗縣,稉稻(蓬萊),二期,19097.3
105,彰化縣,稉稻(蓬萊),二期,78664.6
105,南投縣,稉稻(蓬萊),二期,11137.0
105,雲林縣,稉稻(蓬萊),二期,69977.6
105,嘉義縣,稉稻(蓬萊),二期,46233.6
105,屏東縣,稉稻(蓬萊),二期,5177.2
105,臺東縣,稉稻(蓬萊),二期,26591.3
105,花蓮縣,稉稻(蓬萊),二期,32820.3
105,新竹市,稉稻(蓬萊),二期,2543.6
105,嘉義市,稉稻(蓬萊),二期,1876.9
105,桃園市,硬秈稻(在來),一期,101.3
105,臺中市,硬秈稻(在來),一期,232.8
105,臺南市,硬秈稻(在來),一期,149.2
105,新竹縣,硬秈稻(在來),一期,27.0
105,苗栗縣,硬秈稻(在來),一期,30.2
105,彰化縣,硬秈稻(在來),一期,124.5
105,雲林縣,硬秈稻(在來),一期,1171.6
105,嘉義縣,硬秈稻(在來),一期,3300.6
105,屏東縣,硬秈稻(在來),一期,2536.8
105,嘉義市,硬秈稻(在來),一期,1110.1
105,臺中市,硬秈稻(在來),二期,98.9
105,臺南市,硬秈稻(在來),二期,77.2
105,高雄市,硬秈稻(在來),二期,5.8
105,新竹縣,硬秈稻(在來),二期,50.0
105,苗栗縣,硬秈稻(在來),二期,28.1
105,彰化縣,硬秈稻(在來),二期,99.8
105,雲林縣,硬秈稻(在來),二期,463.9
105,嘉義縣,硬秈稻(在來),二期,1221.5
105,嘉義市,硬秈稻(在來),二期,478.5
105,桃園市,軟秈稻(長秈),一期,676.7
105,臺中市,軟秈稻(長秈),一期,419.2
105,臺南市,軟秈稻(長秈),一期,4127.1
105,高雄市,軟秈稻(長秈),一期,579.5
105,宜蘭縣,軟秈稻(長秈),一期,5404.2
105,新竹縣,軟秈稻(長秈),一期,21.0
105,苗栗縣,軟秈稻(長秈),一期,243.8
105,彰化縣,軟秈稻(長秈),一期,30890.7
105,南投縣,軟秈稻(長秈),一期,682.8
105,雲林縣,軟秈稻(長秈),一期,3057.0
105,嘉義縣,軟秈稻(長秈),一期,55.0
105,花蓮縣,軟秈稻(長秈),一期,1572.6
105,臺中市,軟秈稻(長秈),二期,169.0
105,臺南市,軟秈稻(長秈),二期,202.0
105,高雄市,軟秈稻(長秈),二期,13.9
105,苗栗縣,軟秈稻(長秈),二期,68.9
105,彰化縣,軟秈稻(長秈),二期,7582.5
105,雲林縣,軟秈稻(長秈),二期,20.6
105,嘉義縣,軟秈稻(長秈),二期,117.1
105,花蓮縣,軟秈稻(長秈),二期,567.4
105,桃園市,稉糯稻(圓糯),一期,46.3
105,臺中市,稉糯稻(圓糯),一期,1283.9
105,臺南市,稉糯稻(圓糯),一期,4868.5
105,高雄市,稉糯稻(圓糯),一期,272.5
105,宜蘭縣,稉糯稻(圓糯),一期,1782.6
105,新竹縣,稉糯稻(圓糯),一期,27.1
105,苗栗縣,稉糯稻(圓糯),一期,45.3
105,彰化縣,稉糯稻(圓糯),一期,719.6
105,雲林縣,稉糯稻(圓糯),一期,7490.6
105,嘉義縣,稉糯稻(圓糯),一期,609.6
105,屏東縣,稉糯稻(圓糯),一期,370.3
105,臺東縣,稉糯稻(圓糯),一期,260.7
105,花蓮縣,稉糯稻(圓糯),一期,988.9
105,嘉義市,稉糯稻(圓糯),一期,201.4
105,臺中市,稉糯稻(圓糯),二期,673.9
105,臺南市,稉糯稻(圓糯),二期,878.5
105,苗栗縣,稉糯稻(圓糯),二期,34.9
105,彰化縣,稉糯稻(圓糯),二期,275.8
105,南投縣,稉糯稻(圓糯),二期,5.2
105,雲林縣,稉糯稻(圓糯),二期,5121.6
105,嘉義縣,稉糯稻(圓糯),二期,385.2
105,屏東縣,稉糯稻(圓糯),二期,3.1
105,臺東縣,稉糯稻(圓糯),二期,370.1
105,花蓮縣,稉糯稻(圓糯),二期,595.5
105,嘉義市,稉糯稻(圓糯),二期,43.1
105,臺中市,秈糯稻(長糯),一期,6.0
105,臺南市,秈糯稻(長糯),一期,10358.9
105,高雄市,秈糯稻(長糯),一期,2381.8
105,宜蘭縣,秈糯稻(長糯),一期,60.3
105,苗栗縣,秈糯稻(長糯),一期,13.9
105,彰化縣,秈糯稻(長糯),一期,17259.8
105,雲林縣,秈糯稻(長糯),一期,7874.0
105,嘉義縣,秈糯稻(長糯),一期,365.4
105,屏東縣,秈糯稻(長糯),一期,1867.6
105,花蓮縣,秈糯稻(長糯),一期,467.8
105,嘉義市,秈糯稻(長糯),一期,13.5
105,臺南市,秈糯稻(長糯),二期,101.6
105,高雄市,秈糯稻(長糯),二期,54.1
105,苗栗縣,秈糯稻(長糯),二期,130.3
105,彰化縣,秈糯稻(長糯),二期,7041.0
105,南投縣,秈糯稻(長糯),二期,192.1
105,雲林縣,秈糯稻(長糯),二期,1116.8
105,嘉義縣,秈糯稻(長糯),二期,150.2
105,花蓮縣,秈糯稻(長糯),二期,69.5
106,新北市,稉稻(蓬萊),一期,758.8
106,臺北市,稉稻(蓬萊),一期,916.8
106,桃園市,稉稻(蓬萊),一期,69580.6
106,臺中市,稉稻(蓬萊),一期,90441.7
106,臺南市,稉稻(蓬萊),一期,88892.6
106,高雄市,稉稻(蓬萊),一期,31159.5
106,宜蘭縣,稉稻(蓬萊),一期,61837.2
106,新竹縣,稉稻(蓬萊),一期,25011.1
106,苗栗縣,稉稻(蓬萊),一期,34474.3
106,彰化縣,稉稻(蓬萊),一期,160054.5
106,南投縣,稉稻(蓬萊),一期,17266.2
106,雲林縣,稉稻(蓬萊),一期,227047.4
106,嘉義縣,稉稻(蓬萊),一期,132506.4
106,屏東縣,稉稻(蓬萊),一期,37255.1
106,臺東縣,稉稻(蓬萊),一期,41383.3
106,花蓮縣,稉稻(蓬萊),一期,48833.9
106,新竹市,稉稻(蓬萊),一期,3540.5
106,嘉義市,稉稻(蓬萊),一期,4248.9
106,新北市,稉稻(蓬萊),二期,18.2
106,臺北市,稉稻(蓬萊),二期,719.3
106,桃園市,稉稻(蓬萊),二期,14591.5
106,臺中市,稉稻(蓬萊),二期,54368.6
106,臺南市,稉稻(蓬萊),二期,52741.1
106,高雄市,稉稻(蓬萊),二期,1917.6
106,新竹縣,稉稻(蓬萊),二期,16698.9
106,苗栗縣,稉稻(蓬萊),二期,24937.9
106,彰化縣,稉稻(蓬萊),二期,102977.6
106,南投縣,稉稻(蓬萊),二期,15003.7
106,雲林縣,稉稻(蓬萊),二期,78664.5
106,嘉義縣,稉稻(蓬萊),二期,82638.1
106,屏東縣,稉稻(蓬萊),二期,5975.7
106,臺東縣,稉稻(蓬萊),二期,31964.2
106,花蓮縣,稉稻(蓬萊),二期,36641.1
106,新竹市,稉稻(蓬萊),二期,2550.9
106,嘉義市,稉稻(蓬萊),二期,3637.3
106,桃園市,硬秈稻(在來),一期,164.4
106,臺中市,硬秈稻(在來),一期,200.4
106,臺南市,硬秈稻(在來),一期,64.3
106,高雄市,硬秈稻(在來),一期,241.4
106,苗栗縣,硬秈稻(在來),一期,27.5
106,彰化縣,硬秈稻(在來),一期,443.7
106,雲林縣,硬秈稻(在來),一期,1224.6
106,嘉義縣,硬秈稻(在來),一期,3453.4
106,屏東縣,硬秈稻(在來),一期,4017.8
106,嘉義市,硬秈稻(在來),一期,1183.8
106,臺中市,硬秈稻(在來),二期,107.4
106,臺南市,硬秈稻(在來),二期,96.1
106,高雄市,硬秈稻(在來),二期,7.0
106,新竹縣,硬秈稻(在來),二期,22.5
106,苗栗縣,硬秈稻(在來),二期,37.9
106,彰化縣,硬秈稻(在來),二期,67.6
106,雲林縣,硬秈稻(在來),二期,515.7
106,嘉義縣,硬秈稻(在來),二期,1683.0
106,嘉義市,硬秈稻(在來),二期,552.8
106,桃園市,軟秈稻(長秈),一期,1056.3
106,臺中市,軟秈稻(長秈),一期,363.1
106,臺南市,軟秈稻(長秈),一期,4701.0
106,高雄市,軟秈稻(長秈),一期,484.8
106,宜蘭縣,軟秈稻(長秈),一期,4552.6
106,新竹縣,軟秈稻(長秈),一期,50.0
106,苗栗縣,軟秈稻(長秈),一期,203.5
106,彰化縣,軟秈稻(長秈),一期,29477.0
106,南投縣,軟秈稻(長秈),一期,758.7
106,雲林縣,軟秈稻(長秈),一期,3577.5
106,嘉義縣,軟秈稻(長秈),一期,95.6
106,花蓮縣,軟秈稻(長秈),一期,2181.7
106,臺中市,軟秈稻(長秈),二期,192.7
106,臺南市,軟秈稻(長秈),二期,193.2
106,高雄市,軟秈稻(長秈),二期,47.4
106,苗栗縣,軟秈稻(長秈),二期,164.7
106,彰化縣,軟秈稻(長秈),二期,7631.9
106,雲林縣,軟秈稻(長秈),二期,181.5
106,花蓮縣,軟秈稻(長秈),二期,187.8
106,新北市,稉糯稻(圓糯),一期,0.1
106,桃園市,稉糯稻(圓糯),一期,56.4
106,臺中市,稉糯稻(圓糯),一期,1105.3
106,臺南市,稉糯稻(圓糯),一期,4632.2
106,宜蘭縣,稉糯稻(圓糯),一期,1909.5
106,苗栗縣,稉糯稻(圓糯),一期,18.6
106,彰化縣,稉糯稻(圓糯),一期,753.6
106,南投縣,稉糯稻(圓糯),一期,14.9
106,雲林縣,稉糯稻(圓糯),一期,6653.4
106,嘉義縣,稉糯稻(圓糯),一期,642.4
106,屏東縣,稉糯稻(圓糯),一期,386.9
106,臺東縣,稉糯稻(圓糯),一期,294.2
106,花蓮縣,稉糯稻(圓糯),一期,1136.9
106,嘉義市,稉糯稻(圓糯),一期,212.1
106,臺中市,稉糯稻(圓糯),二期,775.2
106,臺南市,稉糯稻(圓糯),二期,842.5
106,苗栗縣,稉糯稻(圓糯),二期,65.1
106,彰化縣,稉糯稻(圓糯),二期,387.1
106,雲林縣,稉糯稻(圓糯),二期,7722.0
106,嘉義縣,稉糯稻(圓糯),二期,462.8
106,屏東縣,稉糯稻(圓糯),二期,29.6
106,臺東縣,稉糯稻(圓糯),二期,537.8
106,花蓮縣,稉糯稻(圓糯),二期,1505.4
106,桃園市,秈糯稻(長糯),一期,16.4
106,臺中市,秈糯稻(長糯),一期,5.9
106,臺南市,秈糯稻(長糯),一期,11518.9
106,高雄市,秈糯稻(長糯),一期,2501.3
106,宜蘭縣,秈糯稻(長糯),一期,27.5
106,苗栗縣,秈糯稻(長糯),一期,15.6
106,彰化縣,秈糯稻(長糯),一期,20474.9
106,雲林縣,秈糯稻(長糯),一期,6173.5
106,嘉義縣,秈糯稻(長糯),一期,336.2
106,屏東縣,秈糯稻(長糯),一期,1535.1
106,花蓮縣,秈糯稻(長糯),一期,509.9
106,臺南市,秈糯稻(長糯),二期,70.1
106,苗栗縣,秈糯稻(長糯),二期,49.5
106,彰化縣,秈糯稻(長糯),二期,6420.9
106,雲林縣,秈糯稻(長糯),二期,2458.4
106,嘉義縣,秈糯稻(長糯),二期,126.1
106,花蓮縣,秈糯稻(長糯),二期,197.7
107,新北市,稉稻(蓬萊),一期,886.0
107,臺北市,稉稻(蓬萊),一期,1540.6
107,桃園市,稉稻(蓬萊),一期,85991.4
107,臺中市,稉稻(蓬萊),一期,103174.3
107,臺南市,稉稻(蓬萊),一期,90896.3
107,高雄市,稉稻(蓬萊),一期,35341.7
107,宜蘭縣,稉稻(蓬萊),一期,67419.0
107,新竹縣,稉稻(蓬萊),一期,34567.6
107,苗栗縣,稉稻(蓬萊),一期,39808.1
107,彰化縣,稉稻(蓬萊),一期,190127.0
107,南投縣,稉稻(蓬萊),一期,19609.0
107,雲林縣,稉稻(蓬萊),一期,240390.8
107,嘉義縣,稉稻(蓬萊),一期,151251.4
107,屏東縣,稉稻(蓬萊),一期,39046.8
107,臺東縣,稉稻(蓬萊),一期,43365.9
107,花蓮縣,稉稻(蓬萊),一期,52913.3
107,新竹市,稉稻(蓬萊),一期,4792.5
107,嘉義市,稉稻(蓬萊),一期,4586.1
107,新北市,稉稻(蓬萊),二期,22.7
107,臺北市,稉稻(蓬萊),二期,729.8
107,桃園市,稉稻(蓬萊),二期,13513.0
107,臺中市,稉稻(蓬萊),二期,64845.1
107,臺南市,稉稻(蓬萊),二期,59785.9
107,高雄市,稉稻(蓬萊),二期,1985.0
107,新竹縣,稉稻(蓬萊),二期,16002.6
107,苗栗縣,稉稻(蓬萊),二期,27175.6
107,彰化縣,稉稻(蓬萊),二期,121422.2
107,南投縣,稉稻(蓬萊),二期,17287.7
107,雲林縣,稉稻(蓬萊),二期,86152.6
107,嘉義縣,稉稻(蓬萊),二期,88200.3
107,屏東縣,稉稻(蓬萊),二期,4747.1
107,臺東縣,稉稻(蓬萊),二期,32996.8
107,花蓮縣,稉稻(蓬萊),二期,42728.7
107,新竹市,稉稻(蓬萊),二期,2713.7
107,嘉義市,稉稻(蓬萊),二期,3911.5
107,桃園市,硬秈稻(在來),一期,558.5
107,臺中市,硬秈稻(在來),一期,211.3
107,臺南市,硬秈稻(在來),一期,51.3
107,高雄市,硬秈稻(在來),一期,14.6
107,苗栗縣,硬秈稻(在來),一期,30.6
107,彰化縣,硬秈稻(在來),一期,477.6
107,雲林縣,硬秈稻(在來),一期,1394.9
107,嘉義縣,硬秈稻(在來),一期,2372.0
107,屏東縣,硬秈稻(在來),一期,3719.7
107,嘉義市,硬秈稻(在來),一期,1289.3
107,桃園市,硬秈稻(在來),二期,35.5
107,臺中市,硬秈稻(在來),二期,90.2
107,臺南市,硬秈稻(在來),二期,127.3
107,高雄市,硬秈稻(在來),二期,23.5
107,新竹縣,硬秈稻(在來),二期,46.0
107,苗栗縣,硬秈稻(在來),二期,28.9
107,彰化縣,硬秈稻(在來),二期,758.1
107,南投縣,硬秈稻(在來),二期,3.3
107,雲林縣,硬秈稻(在來),二期,578.4
107,嘉義縣,硬秈稻(在來),二期,1278.7
107,屏東縣,硬秈稻(在來),二期,43.4
107,嘉義市,硬秈稻(在來),二期,668.6
107,桃園市,軟秈稻(長秈),一期,1297.6
107,臺中市,軟秈稻(長秈),一期,411.6
107,臺南市,軟秈稻(長秈),一期,5289.7
107,高雄市,軟秈稻(長秈),一期,768.3
107,宜蘭縣,軟秈稻(長秈),一期,4336.8
107,新竹縣,軟秈稻(長秈),一期,169.6
107,苗栗縣,軟秈稻(長秈),一期,454.7
107,彰化縣,軟秈稻(長秈),一期,31203.8
107,南投縣,軟秈稻(長秈),一期,638.6
107,雲林縣,軟秈稻(長秈),一期,3783.5
107,嘉義縣,軟秈稻(長秈),一期,16.7
107,花蓮縣,軟秈稻(長秈),一期,2104.7
107,臺中市,軟秈稻(長秈),二期,227.2
107,臺南市,軟秈稻(長秈),二期,151.6
107,高雄市,軟秈稻(長秈),二期,6.5
107,苗栗縣,軟秈稻(長秈),二期,192.4
107,彰化縣,軟秈稻(長秈),二期,8945.7
107,南投縣,軟秈稻(長秈),二期,26.0
107,雲林縣,軟秈稻(長秈),二期,158.1
107,花蓮縣,軟秈稻(長秈),二期,1645.5
107,新北市,稉糯稻(圓糯),一期,0.1
107,臺中市,稉糯稻(圓糯),一期,1326.0
107,臺南市,稉糯稻(圓糯),一期,4516.8
107,宜蘭縣,稉糯稻(圓糯),一期,1698.6
107,苗栗縣,稉糯稻(圓糯),一期,228.2
107,彰化縣,稉糯稻(圓糯),一期,928.2
107,南投縣,稉糯稻(圓糯),一期,16.5
107,雲林縣,稉糯稻(圓糯),一期,11159.4
107,嘉義縣,稉糯稻(圓糯),一期,457.5
107,屏東縣,稉糯稻(圓糯),一期,75.1
107,臺東縣,稉糯稻(圓糯),一期,339.7
107,花蓮縣,稉糯稻(圓糯),一期,1067.5
107,桃園市,稉糯稻(圓糯),二期,9.9
107,臺中市,稉糯稻(圓糯),二期,863.8
107,臺南市,稉糯稻(圓糯),二期,857.0
107,苗栗縣,稉糯稻(圓糯),二期,57.6
107,彰化縣,稉糯稻(圓糯),二期,480.5
107,雲林縣,稉糯稻(圓糯),二期,7274.4
107,嘉義縣,稉糯稻(圓糯),二期,292.9
107,臺東縣,稉糯稻(圓糯),二期,338.6
107,花蓮縣,稉糯稻(圓糯),二期,857.5
107,桃園市,秈糯稻(長糯),一期,29.0
107,臺中市,秈糯稻(長糯),一期,6.3
107,臺南市,秈糯稻(長糯),一期,12610.1
107,高雄市,秈糯稻(長糯),一期,245.9
107,宜蘭縣,秈糯稻(長糯),一期,15.2
107,苗栗縣,秈糯稻(長糯),一期,22.8
107,彰化縣,秈糯稻(長糯),一期,18527.1
107,雲林縣,秈糯稻(長糯),一期,5371.0
107,嘉義縣,秈糯稻(長糯),一期,2236.3
107,屏東縣,秈糯稻(長糯),一期,240.0
107,花蓮縣,秈糯稻(長糯),一期,500.1
107,桃園市,秈糯稻(長糯),二期,15.4
107,臺中市,秈糯稻(長糯),二期,2.5
107,臺南市,秈糯稻(長糯),二期,63.7
107,苗栗縣,秈糯稻(長糯),二期,77.0
107,彰化縣,秈糯稻(長糯),二期,8364.9
107,雲林縣,秈糯稻(長糯),二期,2739.2
107,嘉義縣,秈糯稻(長糯),二期,100.1
107,花蓮縣,秈糯稻(長糯),二期,225.7
108,新北市,稉稻(蓬萊),一期,786.8
108,臺北市,稉稻(蓬萊),一期,1184.8
108,桃園市,稉稻(蓬萊),一期,69085.7
108,臺中市,稉稻(蓬萊),一期,88444.7
108,臺南市,稉稻(蓬萊),一期,83872.0
108,高雄市,稉稻(蓬萊),一期,32462.8
108,宜蘭縣,稉稻(蓬萊),一期,59799.4
108,新竹縣,稉稻(蓬萊),一期,23549.3
108,苗栗縣,稉稻(蓬萊),一期,38848.1
108,彰化縣,稉稻(蓬萊),一期,165962.0
108,南投縣,稉稻(蓬萊),一期,15746.7
108,雲林縣,稉稻(蓬萊),一期,217209.8
108,嘉義縣,稉稻(蓬萊),一期,132571.2
108,屏東縣,稉稻(蓬萊),一期,39729.0
108,臺東縣,稉稻(蓬萊),一期,39918.3
108,花蓮縣,稉稻(蓬萊),一期,51996.3
108,新竹市,稉稻(蓬萊),一期,3996.2
108,嘉義市,稉稻(蓬萊),一期,4446.6
108,新北市,稉稻(蓬萊),二期,27.8
108,臺北市,稉稻(蓬萊),二期,699.5
108,桃園市,稉稻(蓬萊),二期,16668.9
108,臺中市,稉稻(蓬萊),二期,59852.6
108,臺南市,稉稻(蓬萊),二期,58205.7
108,高雄市,稉稻(蓬萊),二期,1604.8
108,新竹縣,稉稻(蓬萊),二期,18088.7
108,苗栗縣,稉稻(蓬萊),二期,28559.9
108,彰化縣,稉稻(蓬萊),二期,126075.4
108,南投縣,稉稻(蓬萊),二期,16353.7
108,雲林縣,稉稻(蓬萊),二期,86770.1
108,嘉義縣,稉稻(蓬萊),二期,88670.2
108,屏東縣,稉稻(蓬萊),二期,4024.1
108,臺東縣,稉稻(蓬萊),二期,32183.5
108,花蓮縣,稉稻(蓬萊),二期,43942.5
108,新竹市,稉稻(蓬萊),二期,3241.6
108,嘉義市,稉稻(蓬萊),二期,3646.4
108,桃園市,硬秈稻(在來),一期,431.0
108,臺中市,硬秈稻(在來),一期,200.9
108,臺南市,硬秈稻(在來),一期,34.4
108,高雄市,硬秈稻(在來),一期,221.1
108,宜蘭縣,硬秈稻(在來),一期,22.1
108,新竹縣,硬秈稻(在來),一期,33.4
108,苗栗縣,硬秈稻(在來),一期,25.9
108,彰化縣,硬秈稻(在來),一期,439.7
108,雲林縣,硬秈稻(在來),一期,1492.7
108,嘉義縣,硬秈稻(在來),一期,1534.3
108,屏東縣,硬秈稻(在來),一期,2101.9
108,嘉義市,硬秈稻(在來),一期,820.4
108,桃園市,硬秈稻(在來),二期,34.1
108,臺中市,硬秈稻(在來),二期,76.9
108,臺南市,硬秈稻(在來),二期,42.2
108,高雄市,硬秈稻(在來),二期,10.1
108,苗栗縣,硬秈稻(在來),二期,31.3
108,彰化縣,硬秈稻(在來),二期,388.9
108,雲林縣,硬秈稻(在來),二期,648.3
108,嘉義縣,硬秈稻(在來),二期,982.0
108,嘉義市,硬秈稻(在來),二期,555.9
108,桃園市,軟秈稻(長秈),一期,593.0
108,臺中市,軟秈稻(長秈),一期,142.0
108,臺南市,軟秈稻(長秈),一期,4620.6
108,高雄市,軟秈稻(長秈),一期,754.0
108,宜蘭縣,軟秈稻(長秈),一期,5513.9
108,新竹縣,軟秈稻(長秈),一期,171.4
108,苗栗縣,軟秈稻(長秈),一期,359.4
108,彰化縣,軟秈稻(長秈),一期,23691.9
108,南投縣,軟秈稻(長秈),一期,501.9
108,雲林縣,軟秈稻(長秈),一期,3447.2
108,嘉義縣,軟秈稻(長秈),一期,1751.2
108,花蓮縣,軟秈稻(長秈),一期,1778.3
108,臺中市,軟秈稻(長秈),二期,208.4
108,臺南市,軟秈稻(長秈),二期,76.5
108,高雄市,軟秈稻(長秈),二期,6.3
108,苗栗縣,軟秈稻(長秈),二期,207.6
108,彰化縣,軟秈稻(長秈),二期,5341.7
108,南投縣,軟秈稻(長秈),二期,31.1
108,雲林縣,軟秈稻(長秈),二期,212.2
108,花蓮縣,軟秈稻(長秈),二期,1714.5
108,新北市,稉糯稻(圓糯),一期,0.1
108,桃園市,稉糯稻(圓糯),一期,126.9
108,臺中市,稉糯稻(圓糯),一期,1177.5
108,臺南市,稉糯稻(圓糯),一期,4258.1
108,宜蘭縣,稉糯稻(圓糯),一期,1653.6
108,苗栗縣,稉糯稻(圓糯),一期,202.5
108,彰化縣,稉糯稻(圓糯),一期,1039.2
108,雲林縣,稉糯稻(圓糯),一期,8388.0
108,嘉義縣,稉糯稻(圓糯),一期,538.7
108,屏東縣,稉糯稻(圓糯),一期,1572.4
108,臺東縣,稉糯稻(圓糯),一期,186.4
108,花蓮縣,稉糯稻(圓糯),一期,1078.8
108,臺中市,稉糯稻(圓糯),二期,708.3
108,臺南市,稉糯稻(圓糯),二期,847.9
108,苗栗縣,稉糯稻(圓糯),二期,52.2
108,彰化縣,稉糯稻(圓糯),二期,525.6
108,雲林縣,稉糯稻(圓糯),二期,6941.5
108,嘉義縣,稉糯稻(圓糯),二期,512.1
108,臺東縣,稉糯稻(圓糯),二期,230.2
108,花蓮縣,稉糯稻(圓糯),二期,1142.1
108,桃園市,秈糯稻(長糯),一期,71.7
108,臺中市,秈糯稻(長糯),一期,8.0
108,臺南市,秈糯稻(長糯),一期,8926.3
108,高雄市,秈糯稻(長糯),一期,274.9
108,宜蘭縣,秈糯稻(長糯),一期,15.2
108,苗栗縣,秈糯稻(長糯),一期,19.6
108,彰化縣,秈糯稻(長糯),一期,13394.6
108,雲林縣,秈糯稻(長糯),一期,5146.3
108,嘉義縣,秈糯稻(長糯),一期,1472.6
108,花蓮縣,秈糯稻(長糯),一期,205.9
108,臺南市,秈糯稻(長糯),二期,174.6
108,高雄市,秈糯稻(長糯),二期,39.3
108,苗栗縣,秈糯稻(長糯),二期,104.3
108,彰化縣,秈糯稻(長糯),二期,8066.6
108,雲林縣,秈糯稻(長糯),二期,2428.5
108,花蓮縣,秈糯稻(長糯),二期,204.6
109,新北市,稉稻(蓬萊),一期,815.8
109,臺北市,稉稻(蓬萊),一期,1246.7
109,桃園市,稉稻(蓬萊),一期,59974.9
109,臺中市,稉稻(蓬萊),一期,90313.8
109,臺南市,稉稻(蓬萊),一期,77193.0
109,高雄市,稉稻(蓬萊),一期,35723.9
109,宜蘭縣,稉稻(蓬萊),一期,64446.1
109,新竹縣,稉稻(蓬萊),一期,20737.4
109,苗栗縣,稉稻(蓬萊),一期,35935.9
109,彰化縣,稉稻(蓬萊),一期,173095.0
109,南投縣,稉稻(蓬萊),一期,14419.3
109,雲林縣,稉稻(蓬萊),一期,198047.7
109,嘉義縣,稉稻(蓬萊),一期,127079.4
109,屏東縣,稉稻(蓬萊),一期,38966.6
109,臺東縣,稉稻(蓬萊),一期,35432.3
109,花蓮縣,稉稻(蓬萊),一期,43989.7
109,新竹市,稉稻(蓬萊),一期,4041.3
109,嘉義市,稉稻(蓬萊),一期,4163.9
109,新北市,稉稻(蓬萊),二期,15.8
109,臺北市,稉稻(蓬萊),二期,690.8
109,桃園市,稉稻(蓬萊),二期,12495.0
109,臺中市,稉稻(蓬萊),二期,65766.1
109,臺南市,稉稻(蓬萊),二期,56706.1
109,高雄市,稉稻(蓬萊),二期,2054.4
109,新竹縣,稉稻(蓬萊),二期,16313.3
109,苗栗縣,稉稻(蓬萊),二期,29834.7
109,彰化縣,稉稻(蓬萊),二期,130132.5
109,南投縣,稉稻(蓬萊),二期,16780.4
109,雲林縣,稉稻(蓬萊),二期,86448.5
109,嘉義縣,稉稻(蓬萊),二期,91278.6
109,屏東縣,稉稻(蓬萊),二期,3895.4
109,臺東縣,稉稻(蓬萊),二期,34689.4
109,花蓮縣,稉稻(蓬萊),二期,39344.6
109,新竹市,稉稻(蓬萊),二期,3107.9
109,嘉義市,稉稻(蓬萊),二期,3850.5
109,桃園市,硬秈稻(在來),一期,63.6
109,臺中市,硬秈稻(在來),一期,175.1
109,臺南市,硬秈稻(在來),一期,37.4
109,高雄市,硬秈稻(在來),一期,289.4
109,苗栗縣,硬秈稻(在來),一期,12.6
109,彰化縣,硬秈稻(在來),一期,303.6
109,雲林縣,硬秈稻(在來),一期,1155.4
109,嘉義縣,硬秈稻(在來),一期,2456.8
109,屏東縣,硬秈稻(在來),一期,2174.7
109,花蓮縣,硬秈稻(在來),一期,8.9
109,嘉義市,硬秈稻(在來),一期,671.3
109,臺中市,硬秈稻(在來),二期,124.4
109,臺南市,硬秈稻(在來),二期,42.0
109,苗栗縣,硬秈稻(在來),二期,47.2
109,彰化縣,硬秈稻(在來),二期,291.9
109,雲林縣,硬秈稻(在來),二期,588.5
109,嘉義縣,硬秈稻(在來),二期,116.1
109,嘉義市,硬秈稻(在來),二期,562.8
109,桃園市,軟秈稻(長秈),一期,450.7
109,臺中市,軟秈稻(長秈),一期,157.7
109,臺南市,軟秈稻(長秈),一期,3363.6
109,高雄市,軟秈稻(長秈),一期,155.9
109,宜蘭縣,軟秈稻(長秈),一期,5808.2
109,新竹縣,軟秈稻(長秈),一期,61.2
109,苗栗縣,軟秈稻(長秈),一期,338.8
109,彰化縣,軟秈稻(長秈),一期,22330.6
109,南投縣,軟秈稻(長秈),一期,635.9
109,雲林縣,軟秈稻(長秈),一期,2652.4
109,嘉義縣,軟秈稻(長秈),一期,708.7
109,花蓮縣,軟秈稻(長秈),一期,1444.6
109,臺中市,軟秈稻(長秈),二期,246.8
109,臺南市,軟秈稻(長秈),二期,111.0
109,苗栗縣,軟秈稻(長秈),二期,218.8
109,彰化縣,軟秈稻(長秈),二期,7094.0
109,雲林縣,軟秈稻(長秈),二期,212.0
109,花蓮縣,軟秈稻(長秈),二期,1359.2
109,新北市,稉糯稻(圓糯),一期,0.1
109,桃園市,稉糯稻(圓糯),一期,152.9
109,臺中市,稉糯稻(圓糯),一期,1264.8
109,臺南市,稉糯稻(圓糯),一期,3772.1
109,宜蘭縣,稉糯稻(圓糯),一期,1106.8
109,苗栗縣,稉糯稻(圓糯),一期,197.0
109,彰化縣,稉糯稻(圓糯),一期,872.4
109,雲林縣,稉糯稻(圓糯),一期,6812.9
109,嘉義縣,稉糯稻(圓糯),一期,1155.1
109,臺東縣,稉糯稻(圓糯),一期,188.1
109,花蓮縣,稉糯稻(圓糯),一期,939.8
109,臺中市,稉糯稻(圓糯),二期,769.8
109,臺南市,稉糯稻(圓糯),二期,1191.2
109,苗栗縣,稉糯稻(圓糯),二期,71.7
109,彰化縣,稉糯稻(圓糯),二期,346.5
109,雲林縣,稉糯稻(圓糯),二期,6623.0
109,嘉義縣,稉糯稻(圓糯),二期,495.9
109,臺東縣,稉糯稻(圓糯),二期,340.7
109,花蓮縣,稉糯稻(圓糯),二期,883.0
109,桃園市,秈糯稻(長糯),一期,52.9
109,臺中市,秈糯稻(長糯),一期,11.1
109,臺南市,秈糯稻(長糯),一期,11146.8
109,高雄市,秈糯稻(長糯),一期,620.9
109,宜蘭縣,秈糯稻(長糯),一期,14.2
109,苗栗縣,秈糯稻(長糯),一期,19.6
109,彰化縣,秈糯稻(長糯),一期,15157.3
109,雲林縣,秈糯稻(長糯),一期,5220.3
109,嘉義縣,秈糯稻(長糯),一期,2439.6
109,屏東縣,秈糯稻(長糯),一期,1449.2
109,花蓮縣,秈糯稻(長糯),一期,254.8
109,臺中市,秈糯稻(長糯),二期,3.6
109,臺南市,秈糯稻(長糯),二期,41.6
109,苗栗縣,秈糯稻(長糯),二期,121.8
109,彰化縣,秈糯稻(長糯),二期,9291.6
109,雲林縣,秈糯稻(長糯),二期,2058.9
109,花蓮縣,秈糯稻(長糯),二期,142.5
110,新北市,稉稻(蓬萊),一期,571.0
110,臺北市,稉稻(蓬萊),一期,1312.6
110,桃園市,稉稻(蓬萊),一期,20691.6
110,臺中市,稉稻(蓬萊),一期,44715.2
110,臺南市,稉稻(蓬萊),一期,25734.4
110,高雄市,稉稻(蓬萊),一期,36540.9
110,宜蘭縣,稉稻(蓬萊),一期,69409.9
110,新竹縣,稉稻(蓬萊),一期,15182.1
110,苗栗縣,稉稻(蓬萊),一期,20624.9
110,彰化縣,稉稻(蓬萊),一期,178833.9
110,南投縣,稉稻(蓬萊),一期,16252.4
110,雲林縣,稉稻(蓬萊),一期,223656.1
110,嘉義縣,稉稻(蓬萊),一期,75267.4
110,屏東縣,稉稻(蓬萊),一期,40378.1
110,臺東縣,稉稻(蓬萊),一期,43870.8
110,花蓮縣,稉稻(蓬萊),一期,54777.3
110,新竹市,稉稻(蓬萊),一期,817.8
110,嘉義市,稉稻(蓬萊),一期,3941.1
110,新北市,稉稻(蓬萊),二期,33.9
110,臺北市,稉稻(蓬萊),二期,906.8
110,桃園市,稉稻(蓬萊),二期,15749.7
110,臺中市,稉稻(蓬萊),二期,64670.0
110,臺南市,稉稻(蓬萊),二期,57233.4
110,高雄市,稉稻(蓬萊),二期,2018.7
110,新竹縣,稉稻(蓬萊),二期,18408.7
110,苗栗縣,稉稻(蓬萊),二期,27961.4
110,彰化縣,稉稻(蓬萊),二期,116375.8
110,南投縣,稉稻(蓬萊),二期,15563.2
110,雲林縣,稉稻(蓬萊),二期,83838.4
110,嘉義縣,稉稻(蓬萊),二期,81613.3
110,屏東縣,稉稻(蓬萊),二期,4512.2
110,臺東縣,稉稻(蓬萊),二期,33499.6
110,花蓮縣,稉稻(蓬萊),二期,35371.1
110,新竹市,稉稻(蓬萊),二期,2969.5
110,嘉義市,稉稻(蓬萊),二期,3949.5
110,桃園市,硬秈稻(在來),一期,8.2
110,臺中市,硬秈稻(在來),一期,30.0
110,臺南市,硬秈稻(在來),一期,44.6
110,高雄市,硬秈稻(在來),一期,243.3
110,苗栗縣,硬秈稻(在來),一期,7.3
110,彰化縣,硬秈稻(在來),一期,290.4
110,雲林縣,硬秈稻(在來),一期,1582.4
110,嘉義縣,硬秈稻(在來),一期,2088.1
110,屏東縣,硬秈稻(在來),一期,2167.8
110,嘉義市,硬秈稻(在來),一期,893.3
110,臺中市,硬秈稻(在來),二期,10.5
110,臺南市,硬秈稻(在來),二期,59.8
110,苗栗縣,硬秈稻(在來),二期,70.8
110,彰化縣,硬秈稻(在來),二期,258.2
110,嘉義縣,硬秈稻(在來),二期,756.3
110,屏東縣,硬秈稻(在來),二期,31.8
110,嘉義市,硬秈稻(在來),二期,550.8
110,臺中市,軟秈稻(長秈),一期,85.7
110,臺南市,軟秈稻(長秈),一期,2831.0
110,高雄市,軟秈稻(長秈),一期,841.2
110,宜蘭縣,軟秈稻(長秈),一期,4490.1
110,苗栗縣,軟秈稻(長秈),一期,12.4
110,彰化縣,軟秈稻(長秈),一期,23243.7
110,南投縣,軟秈稻(長秈),一期,452.7
110,雲林縣,軟秈稻(長秈),一期,2723.7
110,嘉義縣,軟秈稻(長秈),一期,576.1
110,花蓮縣,軟秈稻(長秈),一期,1488.3
110,臺中市,軟秈稻(長秈),二期,82.6
110,臺南市,軟秈稻(長秈),二期,113.3
110,高雄市,軟秈稻(長秈),二期,3.1
110,苗栗縣,軟秈稻(長秈),二期,233.8
110,彰化縣,軟秈稻(長秈),二期,6946.1
110,雲林縣,軟秈稻(長秈),二期,99.5
110,花蓮縣,軟秈稻(長秈),二期,1529.7
110,新北市,稉糯稻(圓糯),一期,0.0
110,臺中市,稉糯稻(圓糯),一期,18.2
110,臺南市,稉糯稻(圓糯),一期,1014.5
110,高雄市,稉糯稻(圓糯),一期,427.6
110,宜蘭縣,稉糯稻(圓糯),一期,1067.4
110,苗栗縣,稉糯稻(圓糯),一期,7.3
110,彰化縣,稉糯稻(圓糯),一期,563.8
110,雲林縣,稉糯稻(圓糯),一期,8781.9
110,嘉義縣,稉糯稻(圓糯),一期,1096.5
110,屏東縣,稉糯稻(圓糯),一期,152.7
110,臺東縣,稉糯稻(圓糯),一期,182.8
110,花蓮縣,稉糯稻(圓糯),一期,1058.6
110,臺中市,稉糯稻(圓糯),二期,517.6
110,臺南市,稉糯稻(圓糯),二期,1345.6
110,苗栗縣,稉糯稻(圓糯),二期,12.0
110,彰化縣,稉糯稻(圓糯),二期,418.0
110,南投縣,稉糯稻(圓糯),二期,10.0
110,雲林縣,稉糯稻(圓糯),二期,5136.5
110,嘉義縣,稉糯稻(圓糯),二期,631.3
110,臺東縣,稉糯稻(圓糯),二期,144.5
110,花蓮縣,稉糯稻(圓糯),二期,687.5
110,臺中市,秈糯稻(長糯),一期,8.5
110,臺南市,秈糯稻(長糯),一期,8895.8
110,高雄市,秈糯稻(長糯),一期,865.7
110,宜蘭縣,秈糯稻(長糯),一期,12.1
110,彰化縣,秈糯稻(長糯),一期,16732.3
110,南投縣,秈糯稻(長糯),一期,253.1
110,雲林縣,秈糯稻(長糯),一期,5575.3
110,嘉義縣,秈糯稻(長糯),一期,4127.1
110,屏東縣,秈糯稻(長糯),一期,585.4
110,花蓮縣,秈糯稻(長糯),一期,396.5
110,臺南市,秈糯稻(長糯),二期,60.3
110,苗栗縣,秈糯稻(長糯),二期,34.2
110,彰化縣,秈糯稻(長糯),二期,7570.4
110,南投縣,秈糯稻(長糯),二期,65.3
110,雲林縣,秈糯稻(長糯),二期,146.4
110,花蓮縣,秈糯稻(長糯),二期,166.7
111,新北市,稉稻(蓬萊),一期,747.0
111,臺北市,稉稻(蓬萊),一期,1009.5
111,桃園市,稉稻(蓬萊),一期,56846.2
111,臺中市,稉稻(蓬萊),一期,89776.9
111,臺南市,稉稻(蓬萊),一期,40170.2
111,高雄市,稉稻(蓬萊),一期,31990.2
111,宜蘭縣,稉稻(蓬萊),一期,64578.7
111,新竹縣,稉稻(蓬萊),一期,23806.0
111,苗栗縣,稉稻(蓬萊),一期,27200.0
111,彰化縣,稉稻(蓬萊),一期,176277.3
111,南投縣,稉稻(蓬萊),一期,13504.3
111,雲林縣,稉稻(蓬萊),一期,211259.3
111,嘉義縣,稉稻(蓬萊),一期,116967.3
111,屏東縣,稉稻(蓬萊),一期,33820.7
111,臺東縣,稉稻(蓬萊),一期,36361.0
111,花蓮縣,稉稻(蓬萊),一期,46121.6
111,新竹市,稉稻(蓬萊),一期,3665.8
111,嘉義市,稉稻(蓬萊),一期,3875.1
111,新北市,稉稻(蓬萊),二期,13.0
111,臺北市,稉稻(蓬萊),二期,526.2
111,桃園市,稉稻(蓬萊),二期,7818.6
111,臺中市,稉稻(蓬萊),二期,54229.6
111,臺南市,稉稻(蓬萊),二期,54858.6
111,高雄市,稉稻(蓬萊),二期,1653.0
111,新竹縣,稉稻(蓬萊),二期,10469.9
111,苗栗縣,稉稻(蓬萊),二期,24133.2
111,彰化縣,稉稻(蓬萊),二期,95466.9
111,南投縣,稉稻(蓬萊),二期,14653.9
111,雲林縣,稉稻(蓬萊),二期,66719.4
111,嘉義縣,稉稻(蓬萊),二期,69706.7
111,屏東縣,稉稻(蓬萊),二期,3594.9
111,臺東縣,稉稻(蓬萊),二期,33987.4
111,花蓮縣,稉稻(蓬萊),二期,41632.4
111,新竹市,稉稻(蓬萊),二期,2021.0
111,嘉義市,稉稻(蓬萊),二期,3471.4
111,桃園市,硬秈稻(在來),一期,9.7
111,臺中市,硬秈稻(在來),一期,76.3
111,臺南市,硬秈稻(在來),一期,348.4
111,高雄市,硬秈稻(在來),一期,245.1
111,苗栗縣,硬秈稻(在來),一期,21.2
111,彰化縣,硬秈稻(在來),一期,212.4
111,南投縣,硬秈稻(在來),一期,125.7
111,嘉義縣,硬秈稻(在來),一期,1796.7
111,屏東縣,硬秈稻(在來),一期,1636.5
111,嘉義市,硬秈稻(在來),一期,658.8
111,臺中市,硬秈稻(在來),二期,16.9
111,臺南市,硬秈稻(在來),二期,41.7
111,彰化縣,硬秈稻(在來),二期,198.4
111,嘉義縣,硬秈稻(在來),二期,163.3
111,嘉義市,硬秈稻(在來),二期,288.2
111,桃園市,軟秈稻(長秈),一期,101.7
111,臺中市,軟秈稻(長秈),一期,153.9
111,臺南市,軟秈稻(長秈),一期,3699.9
111,高雄市,軟秈稻(長秈),一期,1143.2
111,宜蘭縣,軟秈稻(長秈),一期,3875.5
111,新竹縣,軟秈稻(長秈),一期,49.7
111,苗栗縣,軟秈稻(長秈),一期,106.9
111,彰化縣,軟秈稻(長秈),一期,22501.4
111,南投縣,軟秈稻(長秈),一期,329.3
111,雲林縣,軟秈稻(長秈),一期,6319.7
111,嘉義縣,軟秈稻(長秈),一期,626.7
111,花蓮縣,軟秈稻(長秈),一期,2088.7
111,臺中市,軟秈稻(長秈),二期,112.7
111,高雄市,軟秈稻(長秈),二期,47.6
111,苗栗縣,軟秈稻(長秈),二期,171.8
111,彰化縣,軟秈稻(長秈),二期,3227.5
111,雲林縣,軟秈稻(長秈),二期,34.3
111,花蓮縣,軟秈稻(長秈),二期,1816.5
111,新北市,稉糯稻(圓糯),一期,0.0
111,臺中市,稉糯稻(圓糯),一期,865.1
111,臺南市,稉糯稻(圓糯),一期,1202.3
111,宜蘭縣,稉糯稻(圓糯),一期,621.9
111,苗栗縣,稉糯稻(圓糯),一期,40.9
111,彰化縣,稉糯稻(圓糯),一期,617.3
111,南投縣,稉糯稻(圓糯),一期,71.8
111,雲林縣,稉糯稻(圓糯),一期,8447.5
111,嘉義縣,稉糯稻(圓糯),一期,1176.8
111,屏東縣,稉糯稻(圓糯),一期,32.5
111,臺東縣,稉糯稻(圓糯),一期,116.0
111,花蓮縣,稉糯稻(圓糯),一期,436.0
111,臺中市,稉糯稻(圓糯),二期,543.1
111,臺南市,稉糯稻(圓糯),二期,1049.8
111,苗栗縣,稉糯稻(圓糯),二期,11.8
111,彰化縣,稉糯稻(圓糯),二期,390.7
111,雲林縣,稉糯稻(圓糯),二期,4251.3
111,嘉義縣,稉糯稻(圓糯),二期,451.4
111,臺東縣,稉糯稻(圓糯),二期,303.7
111,花蓮縣,稉糯稻(圓糯),二期,885.4
111,臺中市,秈糯稻(長糯),一期,14.6
111,臺南市,秈糯稻(長糯),一期,7179.7
111,高雄市,秈糯稻(長糯),一期,169.7
111,宜蘭縣,秈糯稻(長糯),一期,12.0
111,苗栗縣,秈糯稻(長糯),一期,7.8
111,彰化縣,秈糯稻(長糯),一期,15649.5
111,南投縣,秈糯稻(長糯),一期,172.1
111,雲林縣,秈糯稻(長糯),一期,6443.1
111,嘉義縣,秈糯稻(長糯),一期,2308.1
111,屏東縣,秈糯稻(長糯),一期,726.2
111,花蓮縣,秈糯稻(長糯),一期,232.7
111,臺中市,秈糯稻(長糯),二期,13.4
111,臺南市,秈糯稻(長糯),二期,134.8
111,高雄市,秈糯稻(長糯),二期,55.8
111,苗栗縣,秈糯稻(長糯),二期,27.1
111,彰化縣,秈糯稻(長糯),二期,4934.9
111,南投縣,秈糯稻(長糯),二期,79.3
111,雲林縣,秈糯稻(長糯),二期,585.3
111,花蓮縣,秈糯稻(長糯),二期,336.3
112,新北市,稉稻(蓬萊),一期,764.8
112,臺北市,稉稻(蓬萊),一期,1128.2
112,桃園市,稉稻(蓬萊),一期,61120.4
112,臺中市,稉稻(蓬萊),一期,93150.3
112,臺南市,稉稻(蓬萊),一期,24404.3
112,高雄市,稉稻(蓬萊),一期,37145.1
112,宜蘭縣,稉稻(蓬萊),一期,68537.7
112,新竹縣,稉稻(蓬萊),一期,28557.4
112,苗栗縣,稉稻(蓬萊),一期,40534.2
112,彰化縣,稉稻(蓬萊),一期,188075.1
112,南投縣,稉稻(蓬萊),一期,15956.7
112,雲林縣,稉稻(蓬萊),一期,218039.4
112,嘉義縣,稉稻(蓬萊),一期,84113.9
112,屏東縣,稉稻(蓬萊),一期,40215.3
112,臺東縣,稉稻(蓬萊),一期,38449.8
112,花蓮縣,稉稻(蓬萊),一期,41588.3
112,新竹市,稉稻(蓬萊),一期,4111.3
112,嘉義市,稉稻(蓬萊),一期,4521.8
112,新北市,稉稻(蓬萊),二期,7.1
112,臺北市,稉稻(蓬萊),二期,571.1
112,桃園市,稉稻(蓬萊),二期,13622.9
112,臺中市,稉稻(蓬萊),二期,47185.8
112,臺南市,稉稻(蓬萊),二期,15339.9
112,高雄市,稉稻(蓬萊),二期,1295.2
112,新竹縣,稉稻(蓬萊),二期,13117.8
112,苗栗縣,稉稻(蓬萊),二期,22809.5
112,彰化縣,稉稻(蓬萊),二期,82798.6
112,南投縣,稉稻(蓬萊),二期,13137.6
112,雲林縣,稉稻(蓬萊),二期,56514.4
112,嘉義縣,稉稻(蓬萊),二期,37936.4
112,屏東縣,稉稻(蓬萊),二期,3658.0
112,臺東縣,稉稻(蓬萊),二期,27138.6
112,花蓮縣,稉稻(蓬萊),二期,25069.3
112,新竹市,稉稻(蓬萊),二期,2537.8
112,嘉義市,稉稻(蓬萊),二期,2594.1
112,桃園市,硬秈稻(在來),一期,65.5
112,臺中市,硬秈稻(在來),一期,82.2
112,臺南市,硬秈稻(在來),一期,31.9
112,高雄市,硬秈稻(在來),一期,231.3
112,苗栗縣,硬秈稻(在來),一期,16.2
112,彰化縣,硬秈稻(在來),一期,238.9
112,雲林縣,硬秈稻(在來),一期,1143.7
112,嘉義縣,硬秈稻(在來),一期,981.6
112,屏東縣,硬秈稻(在來),一期,3296.6
112,嘉義市,硬秈稻(在來),一期,705.4
112,臺中市,硬秈稻(在來),二期,14.8
112,臺南市,硬秈稻(在來),二期,39.6
112,彰化縣,硬秈稻(在來),二期,133.2
112,南投縣,硬秈稻(在來),二期,152.1
112,雲林縣,硬秈稻(在來),二期,3.6
112,嘉義縣,硬秈稻(在來),二期,164.6
112,屏東縣,硬秈稻(在來),二期,7.7
112,嘉義市,硬秈稻(在來),二期,401.9
112,桃園市,軟秈稻(長秈),一期,330.3
112,臺中市,軟秈稻(長秈),一期,176.6
112,臺南市,軟秈稻(長秈),一期,3097.8
112,高雄市,軟秈稻(長秈),一期,813.6
112,宜蘭縣,軟秈稻(長秈),一期,4210.7
112,新竹縣,軟秈稻(長秈),一期,64.7
112,苗栗縣,軟秈稻(長秈),一期,90.0
112,彰化縣,軟秈稻(長秈),一期,20238.1
112,南投縣,軟秈稻(長秈),一期,726.6
112,雲林縣,軟秈稻(長秈),一期,2321.6
112,嘉義縣,軟秈稻(長秈),一期,716.3
112,花蓮縣,軟秈稻(長秈),一期,1895.8
112,臺中市,軟秈稻(長秈),二期,72.6
112,臺南市,軟秈稻(長秈),二期,5.8
112,高雄市,軟秈稻(長秈),二期,27.5
112,苗栗縣,軟秈稻(長秈),二期,173.1
112,彰化縣,軟秈稻(長秈),二期,3232.1
112,雲林縣,軟秈稻(長秈),二期,36.9
112,花蓮縣,軟秈稻(長秈),二期,1237.0
112,新北市,稉糯稻(圓糯),一期,0.0
112,臺中市,稉糯稻(圓糯),一期,730.4
112,臺南市,稉糯稻(圓糯),一期,854.5
112,高雄市,稉糯稻(圓糯),一期,10.2
112,宜蘭縣,稉糯稻(圓糯),一期,584.7
112,苗栗縣,稉糯稻(圓糯),一期,8.4
112,彰化縣,稉糯稻(圓糯),一期,658.8
112,南投縣,稉糯稻(圓糯),一期,79.5
112,雲林縣,稉糯稻(圓糯),一期,7797.1
112,嘉義縣,稉糯稻(圓糯),一期,869.5
112,屏東縣,稉糯稻(圓糯),一期,178.0
112,臺東縣,稉糯稻(圓糯),一期,118.1
112,花蓮縣,稉糯稻(圓糯),一期,870.2
112,臺中市,稉糯稻(圓糯),二期,299.5
112,臺南市,稉糯稻(圓糯),二期,72.6
112,苗栗縣,稉糯稻(圓糯),二期,16.5
112,彰化縣,稉糯稻(圓糯),二期,290.3
112,雲林縣,稉糯稻(圓糯),二期,3906.1
112,嘉義縣,稉糯稻(圓糯),二期,345.2
112,臺東縣,稉糯稻(圓糯),二期,87.1
112,花蓮縣,稉糯稻(圓糯),二期,651.7
112,臺中市,秈糯稻(長糯),一期,27.1
112,臺南市,秈糯稻(長糯),一期,7153.6
112,高雄市,秈糯稻(長糯),一期,461.3
112,宜蘭縣,秈糯稻(長糯),一期,13.9
112,彰化縣,秈糯稻(長糯),一期,17111.8
112,南投縣,秈糯稻(長糯),一期,224.6
112,雲林縣,秈糯稻(長糯),一期,3846.9
112,嘉義縣,秈糯稻(長糯),一期,2263.3
112,屏東縣,秈糯稻(長糯),一期,1442.0
112,花蓮縣,秈糯稻(長糯),一期,406.6
112,臺中市,秈糯稻(長糯),二期,22.5
112,臺南市,秈糯稻(長糯),二期,12.4
112,高雄市,秈糯稻(長糯),二期,114.5
112,苗栗縣,秈糯稻(長糯),二期,28.7
112,彰化縣,秈糯稻(長糯),二期,4493.4
112,南投縣,秈糯稻(長糯),二期,73.3
112,雲林縣,秈糯稻(長糯),二期,1013.2
112,屏東縣,秈糯稻(長糯),二期,45.8
112,花蓮縣,秈糯稻(長糯),二期,264.6
113,新北市,稉稻(蓬萊),一期,740.9
113,臺北市,稉稻(蓬萊),一期,1161.6
113,桃園市,稉稻(蓬萊),一期,67172.4
113,臺中市,稉稻(蓬萊),一期,84371.1
113,臺南市,稉稻(蓬萊),一期,85064.7
113,高雄市,稉稻(蓬萊),一期,34973.6
113,宜蘭縣,稉稻(蓬萊),一期,67603.4
113,新竹縣,稉稻(蓬萊),一期,27127.7
113,苗栗縣,稉稻(蓬萊),一期,38071.5
113,彰化縣,稉稻(蓬萊),一期,172688.9
113,南投縣,稉稻(蓬萊),一期,14784.7
113,雲林縣,稉稻(蓬萊),一期,195551.4
113,嘉義縣,稉稻(蓬萊),一期,129779.3
113,屏東縣,稉稻(蓬萊),一期,39978.6
113,臺東縣,稉稻(蓬萊),一期,39821.5
113,花蓮縣,稉稻(蓬萊),一期,42408.4
113,新竹市,稉稻(蓬萊),一期,3938.8
113,嘉義市,稉稻(蓬萊),一期,4921.2
113,新北市,稉稻(蓬萊),二期,4.9
113,臺北市,稉稻(蓬萊),二期,466.9
113,桃園市,稉稻(蓬萊),二期,5660.9
113,臺中市,稉稻(蓬萊),二期,41631.8
113,臺南市,稉稻(蓬萊),二期,48364.4
113,高雄市,稉稻(蓬萊),二期,861.0
113,新竹縣,稉稻(蓬萊),二期,9675.6
113,苗栗縣,稉稻(蓬萊),二期,12967.3
113,彰化縣,稉稻(蓬萊),二期,81979.8
113,南投縣,稉稻(蓬萊),二期,11309.7
113,雲林縣,稉稻(蓬萊),二期,57594.0
113,嘉義縣,稉稻(蓬萊),二期,61690.7
113,屏東縣,稉稻(蓬萊),二期,2653.1
113,臺東縣,稉稻(蓬萊),二期,25261.4
113,花蓮縣,稉稻(蓬萊),二期,22489.6
113,新竹市,稉稻(蓬萊),二期,1666.0
113,嘉義市,稉稻(蓬萊),二期,3277.1
113,桃園市,硬秈稻(在來),一期,261.4
113,臺中市,硬秈稻(在來),一期,70.1
113,臺南市,硬秈稻(在來),一期,50.9
113,苗栗縣,硬秈稻(在來),一期,16.8
113,彰化縣,硬秈稻(在來),一期,178.3
113,南投縣,硬秈稻(在來),一期,173.8
113,雲林縣,硬秈稻(在來),一期,36.4
113,嘉義縣,硬秈稻(在來),一期,3204.3
113,屏東縣,硬秈稻(在來),一期,2907.2
113,嘉義市,硬秈稻(在來),一期,565.8
113,臺中市,硬秈稻(在來),二期,22.0
113,臺南市,硬秈稻(在來),二期,38.8
113,苗栗縣,硬秈稻(在來),二期,4.5
113,彰化縣,硬秈稻(在來),二期,139.8
113,南投縣,硬秈稻(在來),二期,104.8
113,雲林縣,硬秈稻(在來),二期,63.5
113,嘉義縣,硬秈稻(在來),二期,155.3
113,嘉義市,硬秈稻(在來),二期,183.3
113,桃園市,軟秈稻(長秈),一期,153.1
113,臺中市,軟秈稻(長秈),一期,210.1
113,臺南市,軟秈稻(長秈),一期,3544.2
113,高雄市,軟秈稻(長秈),一期,655.6
113,宜蘭縣,軟秈稻(長秈),一期,3908.2
113,新竹縣,軟秈稻(長秈),一期,111.9
113,苗栗縣,軟秈稻(長秈),一期,56.8
113,彰化縣,軟秈稻(長秈),一期,20120.6
113,南投縣,軟秈稻(長秈),一期,471.2
113,雲林縣,軟秈稻(長秈),一期,2749.4
113,嘉義縣,軟秈稻(長秈),一期,685.1
113,花蓮縣,軟秈稻(長秈),一期,1240.4
113,臺中市,軟秈稻(長秈),二期,38.9
113,苗栗縣,軟秈稻(長秈),二期,10.8
113,彰化縣,軟秈稻(長秈),二期,3284.6
113,雲林縣,軟秈稻(長秈),二期,84.0
113,花蓮縣,軟秈稻(長秈),二期,987.7
113,新北市,稉糯稻(圓糯),一期,0.2
113,桃園市,稉糯稻(圓糯),一期,88.8
113,臺中市,稉糯稻(圓糯),一期,511.5
113,臺南市,稉糯稻(圓糯),一期,927.8
113,高雄市,稉糯稻(圓糯),一期,14.5
113,宜蘭縣,稉糯稻(圓糯),一期,575.6
113,新竹縣,稉糯稻(圓糯),一期,160.8
113,苗栗縣,稉糯稻(圓糯),一期,11.6
113,彰化縣,稉糯稻(圓糯),一期,622.5
113,雲林縣,稉糯稻(圓糯),一期,7406.6
113,嘉義縣,稉糯稻(圓糯),一期,921.0
113,屏東縣,稉糯稻(圓糯),一期,159.0
113,臺東縣,稉糯稻(圓糯),一期,409.5
113,花蓮縣,稉糯稻(圓糯),一期,800.7
113,臺中市,稉糯稻(圓糯),二期,315.7
113,臺南市,稉糯稻(圓糯),二期,669.3
113,苗栗縣,稉糯稻(圓糯),二期,1.6
113,彰化縣,稉糯稻(圓糯),二期,260.5
113,雲林縣,稉糯稻(圓糯),二期,4068.1
113,嘉義縣,稉糯稻(圓糯),二期,484.0
113,臺東縣,稉糯稻(圓糯),二期,95.2
113,花蓮縣,稉糯稻(圓糯),二期,464.1
113,臺中市,秈糯稻(長糯),一期,26.0
113,臺南市,秈糯稻(長糯),一期,7152.9
113,高雄市,秈糯稻(長糯),一期,1245.8
113,宜蘭縣,秈糯稻(長糯),一期,13.0
113,彰化縣,秈糯稻(長糯),一期,17571.7
113,南投縣,秈糯稻(長糯),一期,228.4
113,雲林縣,秈糯稻(長糯),一期,4000.4
113,嘉義縣,秈糯稻(長糯),一期,2388.1
113,屏東縣,秈糯稻(長糯),一期,872.4
113,花蓮縣,秈糯稻(長糯),一期,368.8
113,臺南市,秈糯稻(長糯),二期,15.1
113,高雄市,秈糯稻(長糯),二期,142.1
113,彰化縣,秈糯稻(長糯),二期,4353.0
113,南投縣,秈糯稻(長糯),二期,63.9
113,雲林縣,秈糯稻(長糯),二期,1112.2
113,花蓮縣,秈糯稻(長糯),二期,216.4
