民國年,縣市,期作,收購類型,收購量(公噸)
99,高雄市,一期,計畫收購,3.5
99,高雄市,一期,輔導收購,0.0
99,臺北縣,一期,計畫收購,178.1
99,臺北縣,一期,輔導收購,65.6
99,臺北縣,一期,餘糧收購,39.2
99,宜蘭縣,一期,計畫收購,13814.3
99,宜蘭縣,一期,輔導收購,900.8
99,宜蘭縣,一期,餘糧收購,13.1
99,桃園縣,一期,計畫收購,9171.6
99,桃園縣,一期,輔導收購,2367.2
99,桃園縣,一期,餘糧收購,5.4
99,桃園縣,二期,計畫收購,2780.2
99,桃園縣,二期,輔導收購,830.5
99,桃園縣,二期,餘糧收購,19.3
99,新竹縣,一期,計畫收購,4962.4
99,新竹縣,一期,輔導收購,1244.6
99,新竹縣,二期,計畫收購,2895.1
99,新竹縣,二期,輔導收購,893.1
99,新竹縣,二期,餘糧收購,37.6
99,苗栗縣,一期,計畫收購,6735.9
99,苗栗縣,一期,輔導收購,684.8
99,苗栗縣,二期,計畫收購,4552.6
99,苗栗縣,二期,輔導收購,1389.9
99,苗栗縣,二期,餘糧收購,32.4
99,臺中縣,一期,計畫收購,13738.0
99,臺中縣,一期,輔導收購,644.6
99,臺中縣,二期,計畫收購,8608.0
99,臺中縣,二期,輔導收購,2304.0
99,臺中縣,二期,餘糧收購,0.0
99,彰化縣,一期,計畫收購,13028.8
99,彰化縣,一期,輔導收購,72.8
99,彰化縣,一期,餘糧收購,0.3
99,彰化縣,二期,計畫收購,8932.9
99,彰化縣,二期,輔導收購,358.0
99,彰化縣,二期,餘糧收購,2.2
99,南投縣,一期,計畫收購,1467.3
99,南投縣,一期,輔導收購,93.4
99,南投縣,一期,餘糧收購,5.0
99,南投縣,二期,計畫收購,1209.4
99,南投縣,二期,輔導收購,196.7
99,南投縣,二期,餘糧收購,83.2
99,雲林縣,一期,計畫收購,34458.5
99,雲林縣,一期,輔導收購,1288.3
99,雲林縣,一期,餘糧收購,6.4
99,雲林縣,二期,計畫收購,10747.8
99,雲林縣,二期,輔導收購,1409.0
99,雲林縣,二期,餘糧收購,173.5
99,嘉義縣,一期,計畫收購,10138.2
99,嘉義縣,一期,輔導收購,72.2
99,嘉義縣,二期,計畫收購,10016.6
99,嘉義縣,二期,輔導收購,1146.1
99,嘉義縣,二期,餘糧收購,71.5
99,臺南縣,一期,計畫收購,1059.7
99,臺南縣,一期,輔導收購,103.3
99,臺南縣,二期,計畫收購,3738.0
99,臺南縣,二期,輔導收購,272.7
99,臺南縣,二期,餘糧收購,0.2
99,高雄縣,一期,計畫收購,1825.4
99,高雄縣,一期,輔導收購,83.7
99,高雄縣,一期,餘糧收購,4.3
99,高雄縣,二期,計畫收購,152.1
99,高雄縣,二期,輔導收購,71.3
99,高雄縣,二期,餘糧收購,25.8
99,屏東縣,一期,計畫收購,1770.1
99,屏東縣,一期,輔導收購,77.2
99,屏東縣,一期,餘糧收購,0.4
99,屏東縣,二期,計畫收購,75.6
99,屏東縣,二期,輔導收購,18.9
99,屏東縣,二期,餘糧收購,0.1
99,臺東縣,一期,計畫收購,287.1
99,臺東縣,一期,輔導收購,7.3
99,臺東縣,二期,計畫收購,541.6
99,臺東縣,二期,輔導收購,53.4
99,花蓮縣,一期,計畫收購,1286.9
99,花蓮縣,一期,輔導收購,26.2
99,花蓮縣,二期,計畫收購,1591.8
99,花蓮縣,二期,輔導收購,502.6
99,花蓮縣,二期,餘糧收購,57.3
99,新竹市,一期,計畫收購,282.7
99,新竹市,一期,輔導收購,105.9
99,新竹市,二期,計畫收購,169.4
99,新竹市,二期,輔導收購,73.5
99,新竹市,二期,餘糧收購,19.0
99,臺中市,一期,計畫收購,876.0
99,臺中市,一期,輔導收購,9.2
99,臺中市,二期,計畫收購,617.3
99,臺中市,二期,輔導收購,182.2
99,嘉義市,一期,計畫收購,633.9
99,嘉義市,一期,輔導收購,13.2
99,嘉義市,二期,計畫收購,536.1
99,嘉義市,二期,輔導收購,8.3
100,新北市,一期,計畫收購,202.6
100,新北市,一期,輔導收購,101.8
100,新北市,一期,餘糧收購,97.0
100,臺中市,一期,計畫收購,17057.8
100,臺中市,一期,輔導收購,9043.6
100,臺中市,一期,餘糧收購,8737.0
100,臺中市,二期,計畫收購,11641.4
100,臺中市,二期,輔導收購,5484.9
100,臺中市,二期,餘糧收購,6649.1
100,臺南市,一期,計畫收購,10118.5
100,臺南市,一期,輔導收購,2728.2
100,臺南市,一期,餘糧收購,182.1
100,臺南市,二期,計畫收購,6696.7
100,臺南市,二期,輔導收購,937.8
100,臺南市,二期,餘糧收購,3.2
100,高雄市,一期,計畫收購,2572.3
100,高雄市,一期,輔導收購,948.3
100,高雄市,一期,餘糧收購,97.5
100,高雄市,二期,計畫收購,205.6
100,高雄市,二期,輔導收購,51.7
100,高雄市,二期,餘糧收購,48.8
100,宜蘭縣,一期,計畫收購,15166.9
100,宜蘭縣,一期,輔導收購,7810.4
100,宜蘭縣,一期,餘糧收購,1115.1
100,桃園縣,一期,計畫收購,9929.8
100,桃園縣,一期,輔導收購,5180.1
100,桃園縣,一期,餘糧收購,2338.7
100,桃園縣,二期,計畫收購,4006.5
100,桃園縣,二期,輔導收購,1800.7
100,桃園縣,二期,餘糧收購,891.1
100,新竹縣,一期,計畫收購,5459.8
100,新竹縣,一期,輔導收購,2929.2
100,新竹縣,一期,餘糧收購,1453.2
100,新竹縣,二期,計畫收購,3463.5
100,新竹縣,二期,輔導收購,1596.3
100,新竹縣,二期,餘糧收購,71.2
100,苗栗縣,一期,計畫收購,8472.0
100,苗栗縣,一期,輔導收購,4570.8
100,苗栗縣,一期,餘糧收購,909.3
100,苗栗縣,二期,計畫收購,4952.3
100,苗栗縣,二期,輔導收購,2412.1
100,苗栗縣,二期,餘糧收購,385.0
100,彰化縣,一期,計畫收購,20697.0
100,彰化縣,一期,輔導收購,5073.7
100,彰化縣,一期,餘糧收購,803.6
100,彰化縣,二期,計畫收購,11951.5
100,彰化縣,二期,輔導收購,2507.3
100,彰化縣,二期,餘糧收購,475.2
100,南投縣,一期,計畫收購,1978.6
100,南投縣,一期,輔導收購,821.5
100,南投縣,一期,餘糧收購,674.4
100,南投縣,二期,計畫收購,1406.3
100,南投縣,二期,輔導收購,348.5
100,南投縣,二期,餘糧收購,133.3
100,雲林縣,一期,計畫收購,42486.7
100,雲林縣,一期,輔導收購,20330.7
100,雲林縣,一期,餘糧收購,5563.4
100,雲林縣,二期,計畫收購,13058.3
100,雲林縣,二期,輔導收購,4497.0
100,雲林縣,二期,餘糧收購,334.4
100,嘉義縣,一期,計畫收購,25937.7
100,嘉義縣,一期,輔導收購,12209.1
100,嘉義縣,一期,餘糧收購,5215.3
100,嘉義縣,二期,計畫收購,13972.7
100,嘉義縣,二期,輔導收購,4704.6
100,嘉義縣,二期,餘糧收購,1070.2
100,屏東縣,一期,計畫收購,2988.5
100,屏東縣,一期,輔導收購,662.7
100,屏東縣,一期,餘糧收購,54.4
100,屏東縣,二期,計畫收購,210.2
100,屏東縣,二期,輔導收購,84.9
100,屏東縣,二期,餘糧收購,80.9
100,臺東縣,一期,計畫收購,1047.7
100,臺東縣,一期,輔導收購,251.8
100,臺東縣,一期,餘糧收購,122.6
100,臺東縣,二期,計畫收購,574.0
100,臺東縣,二期,輔導收購,221.8
100,臺東縣,二期,餘糧收購,77.4
100,花蓮縣,一期,計畫收購,3954.7
100,花蓮縣,一期,輔導收購,1617.6
100,花蓮縣,一期,餘糧收購,572.6
100,花蓮縣,二期,計畫收購,2405.2
100,花蓮縣,二期,輔導收購,787.8
100,花蓮縣,二期,餘糧收購,401.9
100,新竹市,一期,計畫收購,354.9
100,新竹市,一期,輔導收購,178.2
100,新竹市,一期,餘糧收購,153.6
100,新竹市,二期,計畫收購,195.9
100,新竹市,二期,輔導收購,88.7
100,嘉義市,一期,計畫收購,1018.6
100,嘉義市,一期,輔導收購,292.2
100,嘉義市,一期,餘糧收購,7.2
100,嘉義市,二期,計畫收購,684.7
100,嘉義市,二期,輔導收購,257.1
100,嘉義市,二期,餘糧收購,37.8
101,新北市,一期,計畫收購,186.6
101,新北市,一期,輔導收購,96.0
101,新北市,一期,餘糧收購,83.7
101,臺中市,一期,計畫收購,17286.8
101,臺中市,一期,輔導收購,9323.9
101,臺中市,一期,餘糧收購,13368.8
101,臺中市,二期,計畫收購,11891.2
101,臺中市,二期,輔導收購,5740.4
101,臺中市,二期,餘糧收購,6781.1
101,臺南市,一期,計畫收購,13165.2
101,臺南市,一期,輔導收購,5189.9
101,臺南市,一期,餘糧收購,2363.6
101,臺南市,二期,計畫收購,8629.1
101,臺南市,二期,輔導收購,1319.4
101,臺南市,二期,餘糧收購,4.5
101,高雄市,一期,計畫收購,3039.0
101,高雄市,一期,輔導收購,1693.3
101,高雄市,一期,餘糧收購,1407.1
101,高雄市,二期,計畫收購,166.3
101,高雄市,二期,輔導收購,75.1
101,高雄市,二期,餘糧收購,100.5
101,宜蘭縣,一期,計畫收購,15210.7
101,宜蘭縣,一期,輔導收購,7154.0
101,宜蘭縣,一期,餘糧收購,4225.6
101,桃園縣,一期,計畫收購,10163.3
101,桃園縣,一期,輔導收購,5097.9
101,桃園縣,一期,餘糧收購,3006.7
101,桃園縣,二期,計畫收購,4241.3
101,桃園縣,二期,輔導收購,1941.5
101,桃園縣,二期,餘糧收購,1054.5
101,新竹縣,一期,計畫收購,5734.1
101,新竹縣,一期,輔導收購,3029.7
101,新竹縣,一期,餘糧收購,1306.8
101,新竹縣,二期,計畫收購,3536.5
101,新竹縣,二期,輔導收購,1627.9
101,新竹縣,二期,餘糧收購,417.0
101,苗栗縣,一期,計畫收購,8787.9
101,苗栗縣,一期,輔導收購,4873.9
101,苗栗縣,一期,餘糧收購,1846.8
101,苗栗縣,二期,計畫收購,5367.4
101,苗栗縣,二期,輔導收購,2659.9
101,苗栗縣,二期,餘糧收購,212.8
101,彰化縣,一期,計畫收購,21796.8
101,彰化縣,一期,輔導收購,7584.1
101,彰化縣,一期,餘糧收購,1876.0
101,彰化縣,二期,計畫收購,14036.6
101,彰化縣,二期,輔導收購,2681.8
101,彰化縣,二期,餘糧收購,307.3
101,南投縣,一期,計畫收購,1966.5
101,南投縣,一期,輔導收購,742.1
101,南投縣,一期,餘糧收購,468.1
101,南投縣,二期,計畫收購,1377.5
101,南投縣,二期,輔導收購,241.8
101,南投縣,二期,餘糧收購,145.9
101,雲林縣,一期,計畫收購,44765.4
101,雲林縣,一期,輔導收購,21999.2
101,雲林縣,一期,餘糧收購,12967.3
101,雲林縣,二期,計畫收購,14680.4
101,雲林縣,二期,輔導收購,5169.5
101,雲林縣,二期,餘糧收購,1387.5
101,嘉義縣,一期,計畫收購,27208.0
101,嘉義縣,一期,輔導收購,13584.5
101,嘉義縣,一期,餘糧收購,10022.4
101,嘉義縣,二期,計畫收購,16184.0
101,嘉義縣,二期,輔導收購,4938.6
101,嘉義縣,二期,餘糧收購,875.5
101,屏東縣,一期,計畫收購,3329.4
101,屏東縣,一期,輔導收購,1569.9
101,屏東縣,一期,餘糧收購,1105.9
101,屏東縣,二期,計畫收購,226.3
101,屏東縣,二期,輔導收購,119.9
101,屏東縣,二期,餘糧收購,154.4
101,臺東縣,一期,計畫收購,559.0
101,臺東縣,一期,輔導收購,190.1
101,臺東縣,一期,餘糧收購,82.7
101,臺東縣,二期,計畫收購,632.2
101,臺東縣,二期,輔導收購,84.2
101,臺東縣,二期,餘糧收購,33.5
101,花蓮縣,一期,計畫收購,4299.4
101,花蓮縣,一期,輔導收購,1567.1
101,花蓮縣,一期,餘糧收購,437.1
101,花蓮縣,二期,計畫收購,3246.2
101,花蓮縣,二期,輔導收購,909.5
101,花蓮縣,二期,餘糧收購,131.2
101,新竹市,一期,計畫收購,372.9
101,新竹市,一期,輔導收購,200.9
101,新竹市,一期,餘糧收購,235.1
101,新竹市,二期,計畫收購,193.1
101,新竹市,二期,輔導收購,94.5
101,新竹市,二期,餘糧收購,158.3
101,嘉義市,一期,計畫收購,555.3
101,嘉義市,一期,輔導收購,223.9
101,嘉義市,一期,餘糧收購,7.7
101,嘉義市,二期,計畫收購,670.3
101,嘉義市,二期,輔導收購,208.7
101,嘉義市,二期,餘糧收購,17.7
102,新北市,一期,計畫收購,218.4
102,新北市,一期,輔導收購,104.8
102,新北市,一期,餘糧收購,86.4
102,臺中市,一期,計畫收購,17446.1
102,臺中市,一期,輔導收購,9513.1
102,臺中市,一期,餘糧收購,12966.3
102,臺中市,二期,計畫收購,11400.4
102,臺中市,二期,輔導收購,5003.1
102,臺中市,二期,餘糧收購,5968.5
102,臺南市,一期,計畫收購,15870.0
102,臺南市,一期,輔導收購,7579.0
102,臺南市,一期,餘糧收購,5961.7
102,臺南市,二期,計畫收購,8764.7
102,臺南市,二期,輔導收購,866.7
102,臺南市,二期,餘糧收購,58.0
102,高雄市,一期,計畫收購,3533.1
102,高雄市,一期,輔導收購,2049.4
102,高雄市,一期,餘糧收購,2983.2
102,高雄市,二期,計畫收購,196.0
102,高雄市,二期,輔導收購,93.9
102,高雄市,二期,餘糧收購,113.3
102,宜蘭縣,一期,計畫收購,17304.4
102,宜蘭縣,一期,輔導收購,8692.4
102,宜蘭縣,一期,餘糧收購,3318.9
102,桃園縣,一期,計畫收購,12454.5
102,桃園縣,一期,輔導收購,6697.6
102,桃園縣,一期,餘糧收購,7160.5
102,桃園縣,二期,計畫收購,3964.1
102,桃園縣,二期,輔導收購,1800.1
102,桃園縣,二期,餘糧收購,1120.0
102,新竹縣,一期,計畫收購,6464.1
102,新竹縣,一期,輔導收購,3514.7
102,新竹縣,一期,餘糧收購,2525.5
102,新竹縣,二期,計畫收購,3477.7
102,新竹縣,二期,輔導收購,1649.6
102,新竹縣,二期,餘糧收購,691.2
102,苗栗縣,一期,計畫收購,9727.3
102,苗栗縣,一期,輔導收購,5508.1
102,苗栗縣,一期,餘糧收購,1358.7
102,苗栗縣,二期,計畫收購,5419.0
102,苗栗縣,二期,輔導收購,2569.9
102,苗栗縣,二期,餘糧收購,220.3
102,彰化縣,一期,計畫收購,24847.5
102,彰化縣,一期,輔導收購,10415.4
102,彰化縣,一期,餘糧收購,2808.3
102,彰化縣,二期,計畫收購,14784.1
102,彰化縣,二期,輔導收購,3126.4
102,彰化縣,二期,餘糧收購,382.8
102,南投縣,一期,計畫收購,1896.0
102,南投縣,一期,輔導收購,567.4
102,南投縣,一期,餘糧收購,124.2
102,南投縣,二期,計畫收購,1252.0
102,南投縣,二期,輔導收購,92.7
102,南投縣,二期,餘糧收購,43.5
102,雲林縣,一期,計畫收購,47592.1
102,雲林縣,一期,輔導收購,23899.7
102,雲林縣,一期,餘糧收購,13680.8
102,雲林縣,二期,計畫收購,14755.1
102,雲林縣,二期,輔導收購,3555.8
102,雲林縣,二期,餘糧收購,310.5
102,嘉義縣,一期,計畫收購,29463.6
102,嘉義縣,一期,輔導收購,14860.8
102,嘉義縣,一期,餘糧收購,13511.2
102,嘉義縣,二期,計畫收購,16751.6
102,嘉義縣,二期,輔導收購,5137.4
102,嘉義縣,二期,餘糧收購,1537.8
102,屏東縣,一期,計畫收購,4519.8
102,屏東縣,一期,輔導收購,2488.0
102,屏東縣,一期,餘糧收購,2455.4
102,屏東縣,二期,計畫收購,162.7
102,屏東縣,二期,輔導收購,86.5
102,屏東縣,二期,餘糧收購,146.1
102,臺東縣,一期,計畫收購,992.1
102,臺東縣,一期,輔導收購,237.9
102,臺東縣,一期,餘糧收購,97.8
102,臺東縣,二期,計畫收購,658.0
102,臺東縣,二期,輔導收購,91.4
102,臺東縣,二期,餘糧收購,11.4
102,花蓮縣,一期,計畫收購,4153.5
102,花蓮縣,一期,輔導收購,1443.9
102,花蓮縣,一期,餘糧收購,142.6
102,花蓮縣,二期,計畫收購,2757.6
102,花蓮縣,二期,輔導收購,493.6
102,花蓮縣,二期,餘糧收購,47.3
102,新竹市,一期,計畫收購,436.8
102,新竹市,一期,輔導收購,253.4
102,新竹市,一期,餘糧收購,419.9
102,新竹市,二期,計畫收購,212.3
102,新竹市,二期,輔導收購,97.6
102,新竹市,二期,餘糧收購,174.7
102,嘉義市,一期,計畫收購,1057.7
102,嘉義市,一期,輔導收購,434.9
102,嘉義市,一期,餘糧收購,93.3
102,嘉義市,二期,計畫收購,691.3
102,嘉義市,二期,輔導收購,73.9
102,嘉義市,二期,餘糧收購,33.0
103,新北市,一期,計畫收購,185.5
103,新北市,一期,輔導收購,92.5
103,新北市,一期,餘糧收購,92.9
103,臺中市,一期,計畫收購,16931.3
103,臺中市,一期,輔導收購,9297.2
103,臺中市,一期,餘糧收購,12215.5
103,臺中市,二期,計畫收購,5422.2
103,臺中市,二期,輔導收購,2221.5
103,臺中市,二期,餘糧收購,1047.0
103,臺南市,一期,計畫收購,15260.9
103,臺南市,一期,輔導收購,6541.6
103,臺南市,一期,餘糧收購,2952.7
103,臺南市,二期,計畫收購,6623.3
103,臺南市,二期,輔導收購,86.3
103,高雄市,一期,計畫收購,3594.2
103,高雄市,一期,輔導收購,2044.5
103,高雄市,一期,餘糧收購,2312.1
103,高雄市,二期,計畫收購,151.3
103,高雄市,二期,輔導收購,66.1
103,高雄市,二期,餘糧收購,10.6
103,宜蘭縣,一期,計畫收購,16495.7
103,宜蘭縣,一期,輔導收購,8064.7
103,宜蘭縣,一期,餘糧收購,1652.8
103,桃園縣,一期,計畫收購,13195.9
103,桃園縣,一期,輔導收購,7178.5
103,桃園縣,一期,餘糧收購,4837.1
103,桃園縣,二期,計畫收購,3605.2
103,桃園縣,二期,輔導收購,1730.6
103,桃園縣,二期,餘糧收購,1112.5
103,新竹縣,一期,計畫收購,6130.2
103,新竹縣,一期,輔導收購,3325.7
103,新竹縣,一期,餘糧收購,1898.5
103,新竹縣,二期,計畫收購,3110.0
103,新竹縣,二期,輔導收購,1404.4
103,新竹縣,二期,餘糧收購,427.3
103,苗栗縣,一期,計畫收購,9764.5
103,苗栗縣,一期,輔導收購,5344.7
103,苗栗縣,一期,餘糧收購,350.1
103,苗栗縣,二期,計畫收購,4269.6
103,苗栗縣,二期,輔導收購,1944.0
103,苗栗縣,二期,餘糧收購,166.5
103,彰化縣,一期,計畫收購,24421.6
103,彰化縣,一期,輔導收購,10303.6
103,彰化縣,一期,餘糧收購,3103.4
103,彰化縣,二期,計畫收購,12137.6
103,彰化縣,二期,輔導收購,1154.4
103,彰化縣,二期,餘糧收購,31.9
103,南投縣,一期,計畫收購,1636.2
103,南投縣,一期,輔導收購,584.2
103,南投縣,一期,餘糧收購,165.3
103,南投縣,二期,計畫收購,1134.2
103,南投縣,二期,輔導收購,53.8
103,南投縣,二期,餘糧收購,13.3
103,雲林縣,一期,計畫收購,46961.1
103,雲林縣,一期,輔導收購,24830.8
103,雲林縣,一期,餘糧收購,15003.8
103,雲林縣,二期,計畫收購,13664.0
103,雲林縣,二期,輔導收購,2637.7
103,雲林縣,二期,餘糧收購,86.7
103,嘉義縣,一期,計畫收購,29350.0
103,嘉義縣,一期,輔導收購,15231.4
103,嘉義縣,一期,餘糧收購,9325.1
103,嘉義縣,二期,計畫收購,11683.9
103,嘉義縣,二期,輔導收購,1686.7
103,嘉義縣,二期,餘糧收購,199.4
103,屏東縣,一期,計畫收購,3506.8
103,屏東縣,一期,輔導收購,1575.4
103,屏東縣,一期,餘糧收購,389.3
103,屏東縣,二期,計畫收購,151.9
103,屏東縣,二期,輔導收購,55.6
103,屏東縣,二期,餘糧收購,14.7
103,臺東縣,一期,計畫收購,1024.3
103,臺東縣,一期,輔導收購,230.5
103,臺東縣,一期,餘糧收購,5.8
103,臺東縣,二期,計畫收購,607.8
103,臺東縣,二期,輔導收購,56.1
103,花蓮縣,一期,計畫收購,3111.7
103,花蓮縣,一期,輔導收購,299.3
103,花蓮縣,一期,餘糧收購,86.2
103,花蓮縣,二期,計畫收購,2204.6
103,花蓮縣,二期,輔導收購,105.0
103,花蓮縣,二期,餘糧收購,1.8
103,新竹市,一期,計畫收購,403.6
103,新竹市,一期,輔導收購,232.3
103,新竹市,一期,餘糧收購,380.7
103,新竹市,二期,計畫收購,183.1
103,新竹市,二期,輔導收購,86.0
103,新竹市,二期,餘糧收購,173.5
103,嘉義市,一期,計畫收購,843.0
103,嘉義市,一期,輔導收購,230.9
103,嘉義市,一期,餘糧收購,11.0
103,嘉義市,二期,計畫收購,597.3
103,嘉義市,二期,輔導收購,65.5
103,嘉義市,二期,餘糧收購,25.5
104,新北市,一期,計畫收購,119.8
104,新北市,一期,輔導收購,62.8
104,新北市,一期,餘糧收購,89.4
104,桃園市,一期,計畫收購,5522.1
104,桃園市,一期,輔導收購,3068.0
104,桃園市,一期,餘糧收購,2667.3
104,桃園市,二期,計畫收購,3180.6
104,桃園市,二期,輔導收購,1278.3
104,桃園市,二期,餘糧收購,559.5
104,臺中市,一期,計畫收購,14359.9
104,臺中市,一期,輔導收購,8091.9
104,臺中市,一期,餘糧收購,14250.4
104,臺中市,二期,計畫收購,4578.9
104,臺中市,二期,輔導收購,1033.4
104,臺中市,二期,餘糧收購,69.2
104,臺南市,一期,計畫收購,13709.7
104,臺南市,一期,輔導收購,5168.1
104,臺南市,一期,餘糧收購,1680.2
104,臺南市,二期,計畫收購,6129.3
104,臺南市,二期,輔導收購,305.0
104,臺南市,二期,餘糧收購,33.4
104,高雄市,一期,計畫收購,3174.2
104,高雄市,一期,輔導收購,1837.2
104,高雄市,一期,餘糧收購,2069.3
104,高雄市,二期,計畫收購,164.4
104,高雄市,二期,輔導收購,72.4
104,高雄市,二期,餘糧收購,121.7
104,宜蘭縣,一期,計畫收購,16635.1
104,宜蘭縣,一期,輔導收購,9171.7
104,宜蘭縣,一期,餘糧收購,3777.2
104,新竹縣,一期,計畫收購,2410.6
104,新竹縣,一期,輔導收購,1329.3
104,新竹縣,一期,餘糧收購,2078.6
104,新竹縣,二期,計畫收購,2748.4
104,新竹縣,二期,輔導收購,1007.6
104,新竹縣,二期,餘糧收購,96.0
104,苗栗縣,一期,計畫收購,4587.0
104,苗栗縣,一期,輔導收購,2631.4
104,苗栗縣,一期,餘糧收購,4252.5
104,苗栗縣,二期,計畫收購,4126.8
104,苗栗縣,二期,輔導收購,1514.1
104,苗栗縣,二期,餘糧收購,22.5
104,彰化縣,一期,計畫收購,22361.2
104,彰化縣,一期,輔導收購,10827.4
104,彰化縣,一期,餘糧收購,8105.0
104,彰化縣,二期,計畫收購,9575.8
104,彰化縣,二期,輔導收購,570.3
104,彰化縣,二期,餘糧收購,58.9
104,南投縣,一期,計畫收購,1592.1
104,南投縣,一期,輔導收購,609.7
104,南投縣,一期,餘糧收購,476.5
104,南投縣,二期,計畫收購,950.8
104,南投縣,二期,輔導收購,40.7
104,南投縣,二期,餘糧收購,4.8
104,雲林縣,一期,計畫收購,44870.8
104,雲林縣,一期,輔導收購,24584.9
104,雲林縣,一期,餘糧收購,22781.8
104,雲林縣,二期,計畫收購,10012.8
104,雲林縣,二期,輔導收購,1136.2
104,雲林縣,二期,餘糧收購,47.4
104,嘉義縣,一期,計畫收購,17445.1
104,嘉義縣,一期,輔導收購,8521.5
104,嘉義縣,一期,餘糧收購,3838.5
104,嘉義縣,二期,計畫收購,10798.2
104,嘉義縣,二期,輔導收購,735.2
104,嘉義縣,二期,餘糧收購,86.1
104,屏東縣,一期,計畫收購,1739.4
104,屏東縣,一期,輔導收購,756.3
104,屏東縣,一期,餘糧收購,248.3
104,屏東縣,二期,計畫收購,200.5
104,屏東縣,二期,輔導收購,101.9
104,屏東縣,二期,餘糧收購,88.2
104,臺東縣,一期,計畫收購,861.0
104,臺東縣,一期,輔導收購,178.4
104,臺東縣,一期,餘糧收購,69.0
104,臺東縣,二期,計畫收購,536.4
104,臺東縣,二期,輔導收購,61.2
104,花蓮縣,一期,計畫收購,2834.3
104,花蓮縣,一期,輔導收購,517.6
104,花蓮縣,一期,餘糧收購,188.9
104,花蓮縣,二期,計畫收購,2047.2
104,花蓮縣,二期,輔導收購,512.1
104,花蓮縣,二期,餘糧收購,178.0
104,新竹市,一期,計畫收購,114.1
104,新竹市,一期,輔導收購,68.0
104,新竹市,一期,餘糧收購,135.5
104,新竹市,二期,計畫收購,177.6
104,新竹市,二期,輔導收購,83.7
104,新竹市,二期,餘糧收購,161.8
104,嘉義市,一期,計畫收購,770.7
104,嘉義市,一期,輔導收購,269.5
104,嘉義市,一期,餘糧收購,42.9
104,嘉義市,二期,計畫收購,186.6
104,嘉義市,二期,輔導收購,18.7
104,嘉義市,二期,餘糧收購,19.6
105,新北市,一期,計畫收購,185.7
105,新北市,一期,輔導收購,101.5
105,新北市,一期,餘糧收購,135.8
105,桃園市,一期,計畫收購,14295.2
105,桃園市,一期,輔導收購,7876.8
105,桃園市,一期,餘糧收購,7733.7
105,桃園市,二期,計畫收購,2324.3
105,桃園市,二期,輔導收購,759.5
105,桃園市,二期,餘糧收購,121.3
105,臺中市,一期,計畫收購,14938.6
105,臺中市,一期,輔導收購,8279.9
105,臺中市,一期,餘糧收購,13266.2
105,臺中市,二期,計畫收購,2600.9
105,臺中市,二期,輔導收購,91.5
105,臺中市,二期,餘糧收購,8.8
105,臺南市,一期,計畫收購,13922.9
105,臺南市,一期,輔導收購,7232.1
105,臺南市,一期,餘糧收購,8277.7
105,臺南市,二期,計畫收購,1859.7
105,臺南市,二期,輔導收購,57.9
105,高雄市,一期,計畫收購,3282.2
105,高雄市,一期,輔導收購,1885.4
105,高雄市,一期,餘糧收購,3287.9
105,高雄市,二期,計畫收購,102.9
105,高雄市,二期,輔導收購,48.2
105,高雄市,二期,餘糧收購,92.3
105,宜蘭縣,一期,計畫收購,16748.9
105,宜蘭縣,一期,輔導收購,9146.3
105,宜蘭縣,一期,餘糧收購,3939.4
105,新竹縣,一期,計畫收購,5968.6
105,新竹縣,一期,輔導收購,3184.5
105,新竹縣,一期,餘糧收購,2786.2
105,新竹縣,二期,計畫收購,1999.7
105,新竹縣,二期,輔導收購,66.3
105,苗栗縣,一期,計畫收購,9173.6
105,苗栗縣,一期,輔導收購,5159.8
105,苗栗縣,一期,餘糧收購,1298.1
105,苗栗縣,二期,計畫收購,3035.4
105,苗栗縣,二期,輔導收購,99.1
105,彰化縣,一期,計畫收購,22005.4
105,彰化縣,一期,輔導收購,10326.7
105,彰化縣,一期,餘糧收購,6152.9
105,彰化縣,二期,計畫收購,6291.2
105,彰化縣,二期,輔導收購,475.0
105,彰化縣,二期,餘糧收購,41.4
105,南投縣,一期,計畫收購,1427.5
105,南投縣,一期,輔導收購,546.7
105,南投縣,一期,餘糧收購,531.7
105,南投縣,二期,計畫收購,575.0
105,南投縣,二期,輔導收購,11.6
105,雲林縣,一期,計畫收購,44944.8
105,雲林縣,一期,輔導收購,24370.5
105,雲林縣,一期,餘糧收購,21145.0
105,雲林縣,二期,計畫收購,5645.3
105,雲林縣,二期,輔導收購,182.4
105,嘉義縣,一期,計畫收購,27964.3
105,嘉義縣,一期,輔導收購,15127.1
105,嘉義縣,一期,餘糧收購,15097.2
105,嘉義縣,二期,計畫收購,4475.6
105,嘉義縣,二期,輔導收購,86.5
105,嘉義縣,二期,餘糧收購,7.1
105,屏東縣,一期,計畫收購,2871.0
105,屏東縣,一期,輔導收購,1229.0
105,屏東縣,一期,餘糧收購,815.4
105,屏東縣,二期,計畫收購,93.8
105,屏東縣,二期,輔導收購,47.7
105,屏東縣,二期,餘糧收購,76.0
105,臺東縣,一期,計畫收購,788.9
105,臺東縣,一期,輔導收購,186.6
105,臺東縣,一期,餘糧收購,37.2
105,臺東縣,二期,計畫收購,348.2
105,臺東縣,二期,輔導收購,7.6
105,花蓮縣,一期,計畫收購,2884.9
105,花蓮縣,一期,輔導收購,682.9
105,花蓮縣,一期,餘糧收購,299.3
105,花蓮縣,二期,計畫收購,1877.6
105,花蓮縣,二期,輔導收購,67.4
105,花蓮縣,二期,餘糧收購,3.7
105,新竹市,一期,計畫收購,477.7
105,新竹市,一期,輔導收購,280.6
105,新竹市,一期,餘糧收購,499.1
105,新竹市,二期,計畫收購,194.6
105,新竹市,二期,輔導收購,16.4
105,嘉義市,一期,計畫收購,770.3
105,嘉義市,一期,輔導收購,259.3
105,嘉義市,一期,餘糧收購,149.3
105,嘉義市,二期,計畫收購,62.9
105,嘉義市,二期,輔導收購,2.2
105,嘉義市,二期,餘糧收購,4.2
106,新北市,一期,計畫收購,175.1
106,新北市,一期,輔導收購,84.4
106,新北市,一期,餘糧收購,93.3
106,桃園市,一期,計畫收購,13810.8
106,桃園市,一期,輔導收購,7838.3
106,桃園市,一期,餘糧收購,8538.8
106,桃園市,二期,計畫收購,2833.7
106,桃園市,二期,輔導收購,1372.9
106,桃園市,二期,餘糧收購,1897.0
106,臺中市,一期,計畫收購,14217.6
106,臺中市,一期,輔導收購,8018.5
106,臺中市,一期,餘糧收購,14047.3
106,臺中市,二期,計畫收購,3362.7
106,臺中市,二期,輔導收購,1689.6
106,臺中市,二期,餘糧收購,3484.7
106,臺南市,一期,計畫收購,13097.1
106,臺南市,一期,輔導收購,6995.3
106,臺南市,一期,餘糧收購,7539.1
106,臺南市,二期,計畫收購,4761.2
106,臺南市,二期,輔導收購,2234.6
106,臺南市,二期,餘糧收購,1064.9
106,高雄市,一期,計畫收購,3003.4
106,高雄市,一期,輔導收購,1741.4
106,高雄市,一期,餘糧收購,2946.1
106,高雄市,二期,計畫收購,116.5
106,高雄市,二期,輔導收購,54.8
106,高雄市,二期,餘糧收購,98.8
106,宜蘭縣,一期,計畫收購,16734.3
106,宜蘭縣,一期,輔導收購,8917.7
106,宜蘭縣,一期,餘糧收購,2831.6
106,新竹縣,一期,計畫收購,5145.1
106,新竹縣,一期,輔導收購,2875.8
106,新竹縣,一期,餘糧收購,3874.5
106,新竹縣,二期,計畫收購,2646.7
106,新竹縣,二期,輔導收購,1330.6
106,新竹縣,二期,餘糧收購,2594.4
106,苗栗縣,一期,計畫收購,7321.3
106,苗栗縣,一期,輔導收購,4187.7
106,苗栗縣,一期,餘糧收購,6751.5
106,苗栗縣,二期,計畫收購,3724.2
106,苗栗縣,二期,輔導收購,1947.9
106,苗栗縣,二期,餘糧收購,4634.3
106,彰化縣,一期,計畫收購,20493.2
106,彰化縣,一期,輔導收購,10882.3
106,彰化縣,一期,餘糧收購,12433.4
106,彰化縣,二期,計畫收購,9193.5
106,彰化縣,二期,輔導收購,4247.0
106,彰化縣,二期,餘糧收購,3813.1
106,南投縣,一期,計畫收購,1181.1
106,南投縣,一期,輔導收購,472.8
106,南投縣,一期,餘糧收購,464.4
106,南投縣,二期,計畫收購,812.1
106,南投縣,二期,輔導收購,260.1
106,南投縣,二期,餘糧收購,188.2
106,雲林縣,一期,計畫收購,41190.2
106,雲林縣,一期,輔導收購,23369.3
106,雲林縣,一期,餘糧收購,34469.0
106,雲林縣,二期,計畫收購,8029.5
106,雲林縣,二期,輔導收購,3749.2
106,雲林縣,二期,餘糧收購,4848.3
106,嘉義縣,一期,計畫收購,24591.8
106,嘉義縣,一期,輔導收購,13401.2
106,嘉義縣,一期,餘糧收購,15320.4
106,嘉義縣,二期,計畫收購,10038.9
106,嘉義縣,二期,輔導收購,4552.1
106,嘉義縣,二期,餘糧收購,3396.1
106,屏東縣,一期,計畫收購,2427.9
106,屏東縣,一期,輔導收購,1022.6
106,屏東縣,一期,餘糧收購,561.9
106,屏東縣,二期,計畫收購,134.9
106,屏東縣,二期,輔導收購,66.9
106,屏東縣,二期,餘糧收購,66.6
106,臺東縣,一期,計畫收購,841.1
106,臺東縣,一期,輔導收購,196.6
106,臺東縣,一期,餘糧收購,8.6
106,臺東縣,二期,計畫收購,301.4
106,臺東縣,二期,輔導收購,31.7
106,花蓮縣,一期,計畫收購,2674.8
106,花蓮縣,一期,輔導收購,339.3
106,花蓮縣,一期,餘糧收購,87.0
106,花蓮縣,二期,計畫收購,1820.3
106,花蓮縣,二期,輔導收購,158.9
106,花蓮縣,二期,餘糧收購,24.2
106,新竹市,一期,計畫收購,430.0
106,新竹市,一期,輔導收購,252.9
106,新竹市,一期,餘糧收購,503.0
106,新竹市,二期,計畫收購,205.0
106,新竹市,二期,輔導收購,110.4
106,新竹市,二期,餘糧收購,317.9
106,嘉義市,一期,計畫收購,760.7
106,嘉義市,一期,輔導收購,357.7
106,嘉義市,一期,餘糧收購,336.8
106,嘉義市,二期,計畫收購,622.5
106,嘉義市,二期,輔導收購,234.4
106,嘉義市,二期,餘糧收購,155.6
107,新北市,一期,計畫收購,146.0
107,新北市,一期,輔導收購,82.3
107,新北市,一期,餘糧收購,135.5
107,桃園市,一期,計畫收購,14759.8
107,桃園市,一期,輔導收購,8742.4
107,桃園市,一期,餘糧收購,16537.5
107,桃園市,二期,計畫收購,2378.3
107,桃園市,二期,輔導收購,1223.0
107,桃園市,二期,餘糧收購,2583.0
107,臺中市,一期,計畫收購,14032.5
107,臺中市,一期,輔導收購,8265.8
107,臺中市,一期,餘糧收購,18112.1
107,臺中市,二期,計畫收購,3914.0
107,臺中市,二期,輔導收購,2031.1
107,臺中市,二期,餘糧收購,4977.8
107,臺南市,一期,計畫收購,7876.2
107,臺南市,一期,輔導收購,4599.0
107,臺南市,一期,餘糧收購,9351.5
107,臺南市,二期,計畫收購,3226.7
107,臺南市,二期,輔導收購,1694.1
107,臺南市,二期,餘糧收購,4088.5
107,高雄市,一期,計畫收購,2732.6
107,高雄市,一期,輔導收購,1597.1
107,高雄市,一期,餘糧收購,2870.4
107,高雄市,二期,計畫收購,107.0
107,高雄市,二期,輔導收購,45.2
107,高雄市,二期,餘糧收購,78.9
107,宜蘭縣,一期,計畫收購,14972.0
107,宜蘭縣,一期,輔導收購,8775.9
107,宜蘭縣,一期,餘糧收購,13398.8
107,新竹縣,一期,計畫收購,5737.4
107,新竹縣,一期,輔導收購,3366.1
107,新竹縣,一期,餘糧收購,6335.4
107,新竹縣,二期,計畫收購,2480.5
107,新竹縣,二期,輔導收購,1294.6
107,新竹縣,二期,餘糧收購,2998.3
107,苗栗縣,一期,計畫收購,7695.0
107,苗栗縣,一期,輔導收購,4559.9
107,苗栗縣,一期,餘糧收購,9971.9
107,苗栗縣,二期,計畫收購,3953.2
107,苗栗縣,二期,輔導收購,2097.2
107,苗栗縣,二期,餘糧收購,5433.4
107,彰化縣,一期,計畫收購,19249.0
107,彰化縣,一期,輔導收購,11228.6
107,彰化縣,一期,餘糧收購,23335.5
107,彰化縣,二期,計畫收購,8699.1
107,彰化縣,二期,輔導收購,4456.0
107,彰化縣,二期,餘糧收購,8282.4
107,南投縣,一期,計畫收購,1068.8
107,南投縣,一期,輔導收購,489.6
107,南投縣,一期,餘糧收購,923.5
107,南投縣,二期,計畫收購,743.7
107,南投縣,二期,輔導收購,280.5
107,南投縣,二期,餘糧收購,511.3
107,雲林縣,一期,計畫收購,37201.1
107,雲林縣,一期,輔導收購,22163.4
107,雲林縣,一期,餘糧收購,48532.6
107,雲林縣,二期,計畫收購,9333.0
107,雲林縣,二期,輔導收購,4953.7
107,雲林縣,二期,餘糧收購,12780.1
107,嘉義縣,一期,計畫收購,19898.6
107,嘉義縣,一期,輔導收購,11782.1
107,嘉義縣,一期,餘糧收購,24200.7
107,嘉義縣,二期,計畫收購,7821.9
107,嘉義縣,二期,輔導收購,4153.9
107,嘉義縣,二期,餘糧收購,10378.2
107,屏東縣,一期,計畫收購,625.3
107,屏東縣,一期,輔導收購,308.4
107,屏東縣,一期,餘糧收購,205.4
107,屏東縣,二期,計畫收購,86.7
107,屏東縣,二期,輔導收購,46.9
107,屏東縣,二期,餘糧收購,117.8
107,臺東縣,一期,計畫收購,590.5
107,臺東縣,一期,輔導收購,229.1
107,臺東縣,一期,餘糧收購,103.4
107,臺東縣,二期,計畫收購,220.9
107,臺東縣,二期,輔導收購,66.8
107,臺東縣,二期,餘糧收購,56.3
107,花蓮縣,一期,計畫收購,2121.6
107,花蓮縣,一期,輔導收購,919.8
107,花蓮縣,一期,餘糧收購,347.4
107,花蓮縣,二期,計畫收購,1531.0
107,花蓮縣,二期,輔導收購,714.2
107,花蓮縣,二期,餘糧收購,1261.3
107,新竹市,一期,計畫收購,504.5
107,新竹市,一期,輔導收購,303.9
107,新竹市,一期,餘糧收購,714.9
107,新竹市,二期,計畫收購,227.2
107,新竹市,二期,輔導收購,121.3
107,新竹市,二期,餘糧收購,353.6
107,嘉義市,一期,計畫收購,718.5
107,嘉義市,一期,輔導收購,416.8
107,嘉義市,一期,餘糧收購,684.2
107,嘉義市,二期,計畫收購,500.5
107,嘉義市,二期,輔導收購,264.1
107,嘉義市,二期,餘糧收購,598.8
108,新北市,一期,計畫收購,135.0
108,新北市,一期,輔導收購,68.7
108,新北市,一期,餘糧收購,70.1
108,桃園市,一期,計畫收購,14868.1
108,桃園市,一期,輔導收購,8677.5
108,桃園市,一期,餘糧收購,12325.7
108,桃園市,二期,計畫收購,2431.0
108,桃園市,二期,輔導收購,1258.7
108,桃園市,二期,餘糧收購,2663.0
108,臺中市,一期,計畫收購,14148.2
108,臺中市,一期,輔導收購,8282.3
108,臺中市,一期,餘糧收購,21636.9
108,臺中市,二期,計畫收購,3756.7
108,臺中市,二期,輔導收購,1939.2
108,臺中市,二期,餘糧收購,3395.1
108,臺南市,一期,計畫收購,10232.0
108,臺南市,一期,輔導收購,6102.6
108,臺南市,一期,餘糧收購,21343.7
108,臺南市,二期,計畫收購,1343.3
108,臺南市,二期,輔導收購,577.0
108,臺南市,二期,餘糧收購,463.9
108,高雄市,一期,計畫收購,3005.3
108,高雄市,一期,輔導收購,1791.3
108,高雄市,一期,餘糧收購,5241.2
108,高雄市,二期,計畫收購,116.4
108,高雄市,二期,輔導收購,53.9
108,高雄市,二期,餘糧收購,85.2
108,宜蘭縣,一期,計畫收購,14492.7
108,宜蘭縣,一期,輔導收購,8218.1
108,宜蘭縣,一期,餘糧收購,6669.4
108,新竹縣,一期,計畫收購,5648.2
108,新竹縣,一期,輔導收購,3263.9
108,新竹縣,一期,餘糧收購,4801.4
108,新竹縣,二期,計畫收購,2564.3
108,新竹縣,二期,輔導收購,1332.7
108,新竹縣,二期,餘糧收購,2928.9
108,苗栗縣,一期,計畫收購,8847.2
108,苗栗縣,一期,輔導收購,5199.3
108,苗栗縣,一期,餘糧收購,8944.8
108,苗栗縣,二期,計畫收購,4112.3
108,苗栗縣,二期,輔導收購,2166.6
108,苗栗縣,二期,餘糧收購,4477.4
108,彰化縣,一期,計畫收購,21381.7
108,彰化縣,一期,輔導收購,12538.9
108,彰化縣,一期,餘糧收購,34356.9
108,彰化縣,二期,計畫收購,6673.5
108,彰化縣,二期,輔導收購,2593.9
108,彰化縣,二期,餘糧收購,1798.2
108,南投縣,一期,計畫收購,965.8
108,南投縣,一期,輔導收購,430.2
108,南投縣,一期,餘糧收購,1073.2
108,南投縣,二期,計畫收購,705.8
108,南投縣,二期,輔導收購,224.9
108,南投縣,二期,餘糧收購,219.4
108,雲林縣,一期,計畫收購,41445.6
108,雲林縣,一期,輔導收購,24743.9
108,雲林縣,一期,餘糧收購,82993.6
108,雲林縣,二期,計畫收購,4343.9
108,雲林縣,二期,輔導收購,2176.8
108,雲林縣,二期,餘糧收購,2011.7
108,嘉義縣,一期,計畫收購,20712.2
108,嘉義縣,一期,輔導收購,12390.9
108,嘉義縣,一期,餘糧收購,39855.1
108,嘉義縣,二期,計畫收購,4127.3
108,嘉義縣,二期,輔導收購,2059.0
108,嘉義縣,二期,餘糧收購,3443.5
108,屏東縣,一期,計畫收購,1303.1
108,屏東縣,一期,輔導收購,779.0
108,屏東縣,一期,餘糧收購,2277.9
108,屏東縣,二期,計畫收購,88.2
108,屏東縣,二期,輔導收購,43.0
108,屏東縣,二期,餘糧收購,78.7
108,臺東縣,一期,計畫收購,681.2
108,臺東縣,一期,輔導收購,291.4
108,臺東縣,一期,餘糧收購,290.2
108,臺東縣,二期,計畫收購,275.7
108,臺東縣,二期,輔導收購,114.9
108,臺東縣,二期,餘糧收購,73.7
108,花蓮縣,一期,計畫收購,2292.5
108,花蓮縣,一期,輔導收購,1181.2
108,花蓮縣,一期,餘糧收購,2061.6
108,花蓮縣,二期,計畫收購,1624.9
108,花蓮縣,二期,輔導收購,766.5
108,花蓮縣,二期,餘糧收購,1283.8
108,新竹市,一期,計畫收購,517.6
108,新竹市,一期,輔導收購,310.8
108,新竹市,一期,餘糧收購,344.4
108,新竹市,二期,計畫收購,255.7
108,新竹市,二期,輔導收購,136.6
108,新竹市,二期,餘糧收購,229.0
108,嘉義市,一期,計畫收購,778.1
108,嘉義市,一期,輔導收購,480.1
108,嘉義市,一期,餘糧收購,1455.5
108,嘉義市,二期,計畫收購,479.9
108,嘉義市,二期,輔導收購,246.2
108,嘉義市,二期,餘糧收購,227.5
109,新北市,一期,計畫收購,119.0
109,新北市,一期,輔導收購,65.2
109,新北市,一期,餘糧收購,96.5
109,桃園市,一期,計畫收購,12770.2
109,桃園市,一期,輔導收購,7534.5
109,桃園市,一期,餘糧收購,13959.8
109,桃園市,二期,計畫收購,427.1
109,桃園市,二期,輔導收購,227.4
109,桃園市,二期,餘糧收購,579.0
109,臺中市,一期,計畫收購,14311.2
109,臺中市,一期,輔導收購,8463.0
109,臺中市,一期,餘糧收購,18665.2
109,臺中市,二期,計畫收購,4422.6
109,臺中市,二期,輔導收購,2327.3
109,臺中市,二期,餘糧收購,6192.6
109,臺南市,一期,計畫收購,9561.8
109,臺南市,一期,輔導收購,5728.1
109,臺南市,一期,餘糧收購,13438.4
109,臺南市,二期,計畫收購,5770.8
109,臺南市,二期,輔導收購,3079.8
109,臺南市,二期,餘糧收購,8847.5
109,高雄市,一期,計畫收購,2938.6
109,高雄市,一期,輔導收購,1751.1
109,高雄市,一期,餘糧收購,3852.6
109,高雄市,二期,計畫收購,115.1
109,高雄市,二期,輔導收購,60.7
109,高雄市,二期,餘糧收購,144.5
109,宜蘭縣,一期,計畫收購,14549.3
109,宜蘭縣,一期,輔導收購,8505.4
109,宜蘭縣,一期,餘糧收購,10146.3
109,新竹縣,一期,計畫收購,3853.6
109,新竹縣,一期,輔導收購,2268.8
109,新竹縣,一期,餘糧收購,4097.4
109,新竹縣,二期,計畫收購,880.0
109,新竹縣,二期,輔導收購,456.4
109,新竹縣,二期,餘糧收購,1226.9
109,苗栗縣,一期,計畫收購,7893.0
109,苗栗縣,一期,輔導收購,4681.5
109,苗栗縣,一期,餘糧收購,10156.0
109,苗栗縣,二期,計畫收購,1972.6
109,苗栗縣,二期,輔導收購,1047.5
109,苗栗縣,二期,餘糧收購,2888.3
109,彰化縣,一期,計畫收購,21137.6
109,彰化縣,一期,輔導收購,12502.7
109,彰化縣,一期,餘糧收購,27235.8
109,彰化縣,二期,計畫收購,10787.3
109,彰化縣,二期,輔導收購,5704.3
109,彰化縣,二期,餘糧收購,15169.3
109,南投縣,一期,計畫收購,933.8
109,南投縣,一期,輔導收購,429.3
109,南投縣,一期,餘糧收購,883.1
109,南投縣,二期,計畫收購,756.0
109,南投縣,二期,輔導收購,303.4
109,南投縣,二期,餘糧收購,746.3
109,雲林縣,一期,計畫收購,37842.3
109,雲林縣,一期,輔導收購,22399.6
109,雲林縣,一期,餘糧收購,51539.3
109,雲林縣,二期,計畫收購,8794.5
109,雲林縣,二期,輔導收購,4680.0
109,雲林縣,二期,餘糧收購,12563.1
109,嘉義縣,一期,計畫收購,20146.0
109,嘉義縣,一期,輔導收購,12075.9
109,嘉義縣,一期,餘糧收購,27715.6
109,嘉義縣,二期,計畫收購,8914.7
109,嘉義縣,二期,輔導收購,4754.8
109,嘉義縣,二期,餘糧收購,13249.2
109,屏東縣,一期,計畫收購,1210.1
109,屏東縣,一期,輔導收購,690.1
109,屏東縣,一期,餘糧收購,1188.6
109,屏東縣,二期,計畫收購,72.7
109,屏東縣,二期,輔導收購,37.7
109,屏東縣,二期,餘糧收購,94.9
109,臺東縣,一期,計畫收購,639.9
109,臺東縣,一期,輔導收購,242.3
109,臺東縣,一期,餘糧收購,189.1
109,臺東縣,二期,計畫收購,221.4
109,臺東縣,二期,輔導收購,87.6
109,臺東縣,二期,餘糧收購,57.3
109,花蓮縣,一期,計畫收購,2425.7
109,花蓮縣,一期,輔導收購,1091.8
109,花蓮縣,一期,餘糧收購,1006.0
109,花蓮縣,二期,計畫收購,1582.0
109,花蓮縣,二期,輔導收購,695.0
109,花蓮縣,二期,餘糧收購,481.7
109,新竹市,一期,計畫收購,526.3
109,新竹市,一期,輔導收購,316.8
109,新竹市,一期,餘糧收購,741.8
109,新竹市,二期,計畫收購,47.5
109,新竹市,二期,輔導收購,25.5
109,新竹市,二期,餘糧收購,75.2
109,嘉義市,一期,計畫收購,700.7
109,嘉義市,一期,輔導收購,429.7
109,嘉義市,一期,餘糧收購,907.1
109,嘉義市,二期,計畫收購,501.8
109,嘉義市,二期,輔導收購,264.5
109,嘉義市,二期,餘糧收購,454.1
110,新北市,一期,計畫收購,66.3
110,新北市,一期,輔導收購,31.8
110,新北市,一期,餘糧收購,60.2
110,桃園市,一期,計畫收購,4424.4
110,桃園市,一期,輔導收購,2592.9
110,桃園市,一期,餘糧收購,5117.7
110,桃園市,二期,計畫收購,2436.7
110,桃園市,二期,輔導收購,1263.0
110,桃園市,二期,餘糧收購,2456.7
110,臺中市,一期,計畫收購,5735.4
110,臺中市,一期,輔導收購,3347.6
110,臺中市,一期,餘糧收購,7270.4
110,臺中市,二期,計畫收購,6857.6
110,臺中市,二期,輔導收購,3525.8
110,臺中市,二期,餘糧收購,7718.1
110,臺南市,一期,計畫收購,1550.5
110,臺南市,一期,輔導收購,894.3
110,臺南市,一期,餘糧收購,1924.0
110,臺南市,二期,計畫收購,1100.2
110,臺南市,二期,輔導收購,496.5
110,臺南市,二期,餘糧收購,864.5
110,高雄市,一期,計畫收購,2623.9
110,高雄市,一期,輔導收購,1521.9
110,高雄市,一期,餘糧收購,841.6
110,高雄市,二期,計畫收購,112.7
110,高雄市,二期,輔導收購,61.2
110,高雄市,二期,餘糧收購,127.5
110,宜蘭縣,一期,計畫收購,14538.4
110,宜蘭縣,一期,輔導收購,8537.2
110,宜蘭縣,一期,餘糧收購,12617.5
110,新竹縣,一期,計畫收購,3482.3
110,新竹縣,一期,輔導收購,2037.1
110,新竹縣,一期,餘糧收購,3836.1
110,新竹縣,二期,計畫收購,2391.1
110,新竹縣,二期,輔導收購,1244.9
110,新竹縣,二期,餘糧收購,2538.7
110,苗栗縣,一期,計畫收購,4036.5
110,苗栗縣,一期,輔導收購,2354.7
110,苗栗縣,一期,餘糧收購,4467.3
110,苗栗縣,二期,計畫收購,4720.9
110,苗栗縣,二期,輔導收購,2494.6
110,苗栗縣,二期,餘糧收購,5365.4
110,彰化縣,一期,計畫收購,20148.1
110,彰化縣,一期,輔導收購,11907.5
110,彰化縣,一期,餘糧收購,25283.0
110,彰化縣,二期,計畫收購,8382.5
110,彰化縣,二期,輔導收購,4328.0
110,彰化縣,二期,餘糧收購,9088.2
110,南投縣,一期,計畫收購,860.7
110,南投縣,一期,輔導收購,370.6
110,南投縣,一期,餘糧收購,679.8
110,南投縣,二期,計畫收購,589.0
110,南投縣,二期,輔導收購,209.0
110,南投縣,二期,餘糧收購,217.6
110,雲林縣,一期,計畫收購,31451.6
110,雲林縣,一期,輔導收購,18741.9
110,雲林縣,一期,餘糧收購,40808.5
110,雲林縣,二期,計畫收購,4930.1
110,雲林縣,二期,輔導收購,2536.2
110,雲林縣,二期,餘糧收購,5776.5
110,嘉義縣,一期,計畫收購,6483.2
110,嘉義縣,一期,輔導收購,3710.0
110,嘉義縣,一期,餘糧收購,7041.4
110,嘉義縣,二期,計畫收購,3010.8
110,嘉義縣,二期,輔導收購,1385.5
110,嘉義縣,二期,餘糧收購,2538.5
110,屏東縣,一期,計畫收購,605.5
110,屏東縣,一期,輔導收購,210.6
110,屏東縣,一期,餘糧收購,94.5
110,屏東縣,二期,計畫收購,53.4
110,屏東縣,二期,輔導收購,25.8
110,屏東縣,二期,餘糧收購,36.7
110,臺東縣,一期,計畫收購,456.8
110,臺東縣,一期,輔導收購,200.1
110,臺東縣,一期,餘糧收購,94.8
110,臺東縣,二期,計畫收購,117.1
110,臺東縣,二期,輔導收購,49.8
110,臺東縣,二期,餘糧收購,30.2
110,花蓮縣,一期,計畫收購,1358.1
110,花蓮縣,一期,輔導收購,304.4
110,花蓮縣,一期,餘糧收購,76.2
110,花蓮縣,二期,計畫收購,629.8
110,花蓮縣,二期,輔導收購,236.7
110,花蓮縣,二期,餘糧收購,143.3
110,新竹市,一期,計畫收購,113.0
110,新竹市,一期,輔導收購,68.1
110,新竹市,一期,餘糧收購,162.3
110,新竹市,二期,計畫收購,276.7
110,新竹市,二期,輔導收購,148.5
110,新竹市,二期,餘糧收購,437.2
110,嘉義市,一期,計畫收購,575.3
110,嘉義市,一期,輔導收購,321.3
110,嘉義市,一期,餘糧收購,526.7
110,嘉義市,二期,計畫收購,367.9
110,嘉義市,二期,輔導收購,162.2
110,嘉義市,二期,餘糧收購,68.7
111,新北市,一期,計畫收購,105.8
111,新北市,一期,輔導收購,58.6
111,新北市,一期,餘糧收購,63.0
111,桃園市,一期,計畫收購,14129.2
111,桃園市,一期,輔導收購,8222.5
111,桃園市,一期,餘糧收購,9665.5
111,桃園市,二期,計畫收購,931.0
111,桃園市,二期,輔導收購,408.4
111,桃園市,二期,餘糧收購,272.8
111,臺中市,一期,計畫收購,13326.8
111,臺中市,一期,輔導收購,7743.4
111,臺中市,一期,餘糧收購,14246.5
111,臺中市,二期,計畫收購,2484.9
111,臺中市,二期,輔導收購,728.9
111,臺中市,二期,餘糧收購,127.6
111,臺南市,一期,計畫收購,4913.9
111,臺南市,一期,輔導收購,2602.5
111,臺南市,一期,餘糧收購,1817.8
111,臺南市,二期,計畫收購,4011.4
111,臺南市,二期,輔導收購,63.6
111,臺南市,二期,餘糧收購,0.6
111,高雄市,一期,計畫收購,2773.6
111,高雄市,一期,輔導收購,1588.6
111,高雄市,一期,餘糧收購,2313.5
111,高雄市,二期,計畫收購,46.0
111,高雄市,二期,輔導收購,21.2
111,高雄市,二期,餘糧收購,49.6
111,宜蘭縣,一期,計畫收購,16014.1
111,宜蘭縣,一期,輔導收購,8940.4
111,宜蘭縣,一期,餘糧收購,5232.3
111,新竹縣,一期,計畫收購,5758.5
111,新竹縣,一期,輔導收購,3282.1
111,新竹縣,一期,餘糧收購,3625.8
111,新竹縣,二期,計畫收購,1203.2
111,新竹縣,二期,輔導收購,458.7
111,新竹縣,二期,餘糧收購,63.5
111,苗栗縣,一期,計畫收購,6751.0
111,苗栗縣,一期,輔導收購,3950.9
111,苗栗縣,一期,餘糧收購,1590.5
111,苗栗縣,二期,計畫收購,3107.6
111,苗栗縣,二期,輔導收購,497.5
111,苗栗縣,二期,餘糧收購,0.5
111,彰化縣,一期,計畫收購,23237.9
111,彰化縣,一期,輔導收購,13221.5
111,彰化縣,一期,餘糧收購,14439.8
111,彰化縣,二期,計畫收購,4585.5
111,彰化縣,二期,輔導收購,519.3
111,彰化縣,二期,餘糧收購,12.9
111,南投縣,一期,計畫收購,746.5
111,南投縣,一期,輔導收購,327.5
111,南投縣,一期,餘糧收購,541.6
111,南投縣,二期,計畫收購,176.5
111,南投縣,二期,輔導收購,34.4
111,南投縣,二期,餘糧收購,7.2
111,雲林縣,一期,計畫收購,40229.7
111,雲林縣,一期,輔導收購,23106.7
111,雲林縣,一期,餘糧收購,24002.1
111,雲林縣,二期,計畫收購,5217.1
111,雲林縣,二期,輔導收購,816.4
111,雲林縣,二期,餘糧收購,63.1
111,嘉義縣,一期,計畫收購,23196.2
111,嘉義縣,一期,輔導收購,12528.3
111,嘉義縣,一期,餘糧收購,8639.7
111,嘉義縣,二期,計畫收購,6458.7
111,嘉義縣,二期,輔導收購,471.3
111,嘉義縣,二期,餘糧收購,39.8
111,屏東縣,一期,計畫收購,1814.4
111,屏東縣,一期,輔導收購,838.6
111,屏東縣,一期,餘糧收購,385.9
111,屏東縣,二期,計畫收購,35.1
111,屏東縣,二期,輔導收購,7.6
111,屏東縣,二期,餘糧收購,2.1
111,臺東縣,一期,計畫收購,417.9
111,臺東縣,一期,輔導收購,186.4
111,臺東縣,一期,餘糧收購,86.4
111,臺東縣,二期,計畫收購,33.2
111,臺東縣,二期,輔導收購,15.9
111,臺東縣,二期,餘糧收購,3.2
111,花蓮縣,一期,計畫收購,1239.3
111,花蓮縣,一期,輔導收購,386.3
111,花蓮縣,一期,餘糧收購,135.1
111,花蓮縣,二期,計畫收購,192.2
111,花蓮縣,二期,輔導收購,64.0
111,花蓮縣,二期,餘糧收購,6.9
111,新竹市,一期,計畫收購,568.4
111,新竹市,一期,輔導收購,340.7
111,新竹市,一期,餘糧收購,675.0
111,新竹市,二期,計畫收購,128.7
111,新竹市,二期,輔導收購,47.3
111,嘉義市,一期,計畫收購,801.7
111,嘉義市,一期,輔導收購,478.2
111,嘉義市,一期,餘糧收購,555.0
111,嘉義市,二期,計畫收購,289.6
111,嘉義市,二期,輔導收購,59.9
112,新北市,一期,計畫收購,112.6
112,新北市,一期,輔導收購,62.3
112,新北市,一期,餘糧收購,95.0
112,桃園市,一期,計畫收購,11532.7
112,桃園市,一期,輔導收購,6808.4
112,桃園市,一期,餘糧收購,9592.2
112,桃園市,二期,計畫收購,1718.2
112,桃園市,二期,輔導收購,615.4
112,桃園市,二期,餘糧收購,452.6
112,臺中市,一期,計畫收購,10677.8
112,臺中市,一期,輔導收購,6253.4
112,臺中市,一期,餘糧收購,10139.7
112,臺中市,二期,計畫收購,2809.2
112,臺中市,二期,輔導收購,318.9
112,臺中市,二期,餘糧收購,52.6
112,臺南市,一期,計畫收購,1800.2
112,臺南市,一期,輔導收購,791.0
112,臺南市,一期,餘糧收購,836.1
112,臺南市,二期,計畫收購,167.0
112,臺南市,二期,輔導收購,2.3
112,高雄市,一期,計畫收購,2639.1
112,高雄市,一期,輔導收購,1299.3
112,高雄市,一期,餘糧收購,414.8
112,高雄市,二期,計畫收購,68.9
112,高雄市,二期,輔導收購,29.9
112,高雄市,二期,餘糧收購,29.7
112,宜蘭縣,一期,計畫收購,16102.9
112,宜蘭縣,一期,輔導收購,9070.4
112,宜蘭縣,一期,餘糧收購,4252.3
112,新竹縣,一期,計畫收購,5072.8
112,新竹縣,一期,輔導收購,2982.0
112,新竹縣,一期,餘糧收購,4024.1
112,新竹縣,二期,計畫收購,1714.4
112,新竹縣,二期,輔導收購,31.8
112,新竹縣,二期,餘糧收購,0.2
112,苗栗縣,一期,計畫收購,7847.0
112,苗栗縣,一期,輔導收購,4593.4
112,苗栗縣,一期,餘糧收購,2530.1
112,苗栗縣,二期,計畫收購,3585.0
112,苗栗縣,二期,輔導收購,260.5
112,苗栗縣,二期,餘糧收購,0.6
112,彰化縣,一期,計畫收購,19238.5
112,彰化縣,一期,輔導收購,10976.6
112,彰化縣,一期,餘糧收購,15962.7
112,彰化縣,二期,計畫收購,5024.3
112,彰化縣,二期,輔導收購,509.6
112,彰化縣,二期,餘糧收購,172.9
112,南投縣,一期,計畫收購,517.5
112,南投縣,一期,輔導收購,231.0
112,南投縣,一期,餘糧收購,368.6
112,南投縣,二期,計畫收購,348.1
112,南投縣,二期,輔導收購,15.2
112,南投縣,二期,餘糧收購,1.5
112,雲林縣,一期,計畫收購,34465.7
112,雲林縣,一期,輔導收購,19068.3
112,雲林縣,一期,餘糧收購,19665.1
112,雲林縣,二期,計畫收購,3893.7
112,雲林縣,二期,輔導收購,218.8
112,雲林縣,二期,餘糧收購,16.0
112,嘉義縣,一期,計畫收購,10683.8
112,嘉義縣,一期,輔導收購,4959.6
112,嘉義縣,一期,餘糧收購,2089.6
112,嘉義縣,二期,計畫收購,1058.2
112,嘉義縣,二期,輔導收購,18.7
112,屏東縣,一期,計畫收購,1349.5
112,屏東縣,一期,輔導收購,359.3
112,屏東縣,一期,餘糧收購,33.2
112,屏東縣,二期,計畫收購,4.6
112,屏東縣,二期,輔導收購,1.9
112,屏東縣,二期,餘糧收購,1.8
112,臺東縣,一期,計畫收購,336.2
112,臺東縣,一期,輔導收購,154.9
112,臺東縣,一期,餘糧收購,77.0
112,臺東縣,二期,計畫收購,57.5
112,臺東縣,二期,輔導收購,26.6
112,花蓮縣,一期,計畫收購,875.2
112,花蓮縣,一期,輔導收購,280.4
112,花蓮縣,一期,餘糧收購,80.3
112,花蓮縣,二期,計畫收購,300.8
112,花蓮縣,二期,輔導收購,60.9
112,花蓮縣,二期,餘糧收購,5.7
112,新竹市,一期,計畫收購,506.7
112,新竹市,一期,輔導收購,305.6
112,新竹市,一期,餘糧收購,615.3
112,新竹市,二期,計畫收購,188.9
112,嘉義市,一期,計畫收購,322.2
112,嘉義市,一期,輔導收購,181.2
112,嘉義市,一期,餘糧收購,193.4
112,嘉義市,二期,計畫收購,143.7
112,嘉義市,二期,輔導收購,2.2
113,新北市,一期,計畫收購,105.6
113,新北市,一期,輔導收購,57.2
113,新北市,一期,餘糧收購,67.2
113,桃園市,一期,計畫收購,13850.7
113,桃園市,一期,輔導收購,8016.4
113,桃園市,一期,餘糧收購,8138.1
113,桃園市,二期,計畫收購,419.6
113,桃園市,二期,輔導收購,103.5
113,桃園市,二期,餘糧收購,3.3
113,臺中市,一期,計畫收購,11519.5
113,臺中市,一期,輔導收購,6556.4
113,臺中市,一期,餘糧收購,6549.6
113,臺中市,二期,計畫收購,1686.2
113,臺中市,二期,輔導收購,339.6
113,臺中市,二期,餘糧收購,34.5
113,臺南市,一期,計畫收購,9397.5
113,臺南市,一期,輔導收購,5179.4
113,臺南市,一期,餘糧收購,8199.5
113,臺南市,二期,計畫收購,1366.1
113,臺南市,二期,輔導收購,56.0
113,臺南市,二期,餘糧收購,5.5
113,高雄市,一期,計畫收購,2571.9
113,高雄市,一期,輔導收購,1441.0
113,高雄市,一期,餘糧收購,1605.2
113,高雄市,二期,計畫收購,54.5
113,高雄市,二期,輔導收購,28.1
113,高雄市,二期,餘糧收購,33.3
113,宜蘭縣,一期,計畫收購,16053.3
113,宜蘭縣,一期,輔導收購,7483.3
113,宜蘭縣,一期,餘糧收購,1566.4
113,新竹縣,一期,計畫收購,5247.3
113,新竹縣,一期,輔導收購,2950.9
113,新竹縣,一期,餘糧收購,1977.3
113,新竹縣,二期,計畫收購,1058.0
113,新竹縣,二期,輔導收購,1.2
113,苗栗縣,一期,計畫收購,8321.5
113,苗栗縣,一期,輔導收購,3900.0
113,苗栗縣,一期,餘糧收購,114.3
113,苗栗縣,二期,計畫收購,1564.0
113,苗栗縣,二期,輔導收購,78.7
113,彰化縣,一期,計畫收購,19170.8
113,彰化縣,一期,輔導收購,9552.3
113,彰化縣,一期,餘糧收購,8731.5
113,彰化縣,二期,計畫收購,2860.7
113,彰化縣,二期,輔導收購,61.6
113,彰化縣,二期,餘糧收購,1.8
113,南投縣,一期,計畫收購,473.8
113,南投縣,一期,輔導收購,217.9
113,南投縣,一期,餘糧收購,381.7
113,南投縣,二期,計畫收購,147.2
113,南投縣,二期,輔導收購,4.4
113,南投縣,二期,餘糧收購,0.5
113,雲林縣,一期,計畫收購,32812.6
113,雲林縣,一期,輔導收購,18192.7
113,雲林縣,一期,餘糧收購,22213.1
113,雲林縣,二期,計畫收購,1697.5
113,雲林縣,二期,輔導收購,17.2
113,雲林縣,二期,餘糧收購,1.3
113,嘉義縣,一期,計畫收購,21320.1
113,嘉義縣,一期,輔導收購,12012.6
113,嘉義縣,一期,餘糧收購,15197.3
113,嘉義縣,二期,計畫收購,2093.7
113,嘉義縣,二期,輔導收購,14.7
113,嘉義縣,二期,餘糧收購,1.6
113,屏東縣,一期,計畫收購,1723.0
113,屏東縣,一期,輔導收購,716.6
113,屏東縣,一期,餘糧收購,188.6
113,屏東縣,二期,計畫收購,6.1
113,臺東縣,一期,計畫收購,339.9
113,臺東縣,一期,輔導收購,158.8
113,臺東縣,一期,餘糧收購,67.4
113,臺東縣,二期,計畫收購,37.8
113,臺東縣,二期,輔導收購,14.9
113,花蓮縣,一期,計畫收購,777.0
113,花蓮縣,一期,輔導收購,246.4
113,花蓮縣,一期,餘糧收購,64.5
113,花蓮縣,二期,計畫收購,173.1
113,花蓮縣,二期,輔導收購,33.5
113,花蓮縣,二期,餘糧收購,1.7
113,新竹市,一期,計畫收購,502.1
113,新竹市,一期,輔導收購,223.0
113,新竹市,二期,計畫收購,104.6
113,嘉義市,一期,計畫收購,638.5
113,嘉義市,一期,輔導收購,379.1
113,嘉義市,一期,餘糧收購,720.6
113,嘉義市,二期,計畫收購,72.3
113,嘉義市,二期,輔導收購,10.3
114,新北市,一期,計畫收購,176.9
114,新北市,一期,輔導收購,82.1
114,新北市,一期,餘糧收購,3.2
114,桃園市,一期,計畫收購,21921.3
114,桃園市,一期,輔導收購,13112.5
114,桃園市,一期,餘糧收購,240.2
114,桃園市,二期,計畫收購,1250.0
114,桃園市,二期,輔導收購,648.4
114,桃園市,二期,餘糧收購,3.6
114,臺中市,一期,計畫收購,17005.4
114,臺中市,一期,輔導收購,10401.5
114,臺中市,一期,餘糧收購,3.7
114,臺中市,二期,計畫收購,4798.5
114,臺中市,二期,輔導收購,1534.3
114,臺中市,二期,餘糧收購,0.2
114,臺南市,一期,計畫收購,11509.4
114,臺南市,一期,輔導收購,1565.4
114,臺南市,一期,餘糧收購,3.9
114,臺南市,二期,計畫收購,129.9
114,臺南市,二期,輔導收購,0.6
114,高雄市,一期,計畫收購,3752.5
114,高雄市,一期,輔導收購,1849.2
114,高雄市,一期,餘糧收購,10.5
114,高雄市,二期,計畫收購,59.7
114,高雄市,二期,輔導收購,24.7
114,高雄市,二期,餘糧收購,0.4
114,宜蘭縣,一期,計畫收購,23941.2
114,宜蘭縣,一期,輔導收購,2485.7
114,宜蘭縣,一期,餘糧收購,20.6
114,新竹縣,一期,計畫收購,7455.2
114,新竹縣,一期,輔導收購,4185.9
114,新竹縣,一期,餘糧收購,0.1
114,新竹縣,二期,計畫收購,1909.3
114,新竹縣,二期,輔導收購,161.1
114,苗栗縣,一期,計畫收購,11441.0
114,苗栗縣,一期,輔導收購,4817.2
114,苗栗縣,二期,計畫收購,4437.4
114,苗栗縣,二期,輔導收購,828.5
114,苗栗縣,二期,餘糧收購,0.0
114,彰化縣,一期,計畫收購,27549.3
114,彰化縣,一期,輔導收購,8552.3
114,彰化縣,一期,餘糧收購,3.9
114,彰化縣,二期,計畫收購,4802.7
114,彰化縣,二期,輔導收購,293.5
114,彰化縣,二期,餘糧收購,0.3
114,南投縣,一期,計畫收購,518.8
114,南投縣,一期,輔導收購,192.8
114,南投縣,一期,餘糧收購,0.2
114,南投縣,二期,計畫收購,205.5
114,南投縣,二期,輔導收購,9.5
114,南投縣,二期,餘糧收購,0.2
114,雲林縣,一期,計畫收購,44733.8
114,雲林縣,一期,輔導收購,20560.0
114,雲林縣,一期,餘糧收購,5.0
114,雲林縣,二期,計畫收購,2988.9
114,雲林縣,二期,輔導收購,41.3
114,嘉義縣,一期,計畫收購,27934.6
114,嘉義縣,一期,輔導收購,6280.6
114,嘉義縣,一期,餘糧收購,0.7
114,嘉義縣,二期,計畫收購,1322.0
114,嘉義縣,二期,輔導收購,7.0
114,屏東縣,一期,計畫收購,1170.5
114,屏東縣,一期,輔導收購,277.6
114,屏東縣,一期,餘糧收購,1.8
114,臺東縣,一期,計畫收購,412.3
114,臺東縣,一期,輔導收購,113.5
114,臺東縣,一期,餘糧收購,0.6
114,臺東縣,二期,計畫收購,68.0
114,臺東縣,二期,輔導收購,2.2
114,花蓮縣,一期,計畫收購,887.4
114,花蓮縣,一期,輔導收購,238.9
114,花蓮縣,一期,餘糧收購,5.5
114,花蓮縣,二期,計畫收購,245.2
114,花蓮縣,二期,輔導收購,55.5
114,花蓮縣,二期,餘糧收購,0.9
114,新竹市,一期,計畫收購,694.2
114,新竹市,一期,輔導收購,269.5
114,新竹市,二期,計畫收購,216.5
114,新竹市,二期,輔導收購,3.1
114,嘉義市,一期,計畫收購,937.0
114,嘉義市,一期,輔導收購,611.6
114,嘉義市,一期,餘糧收購,0.0
114,嘉義市,二期,計畫收購,65.2
114,嘉義市,二期,輔導收購,3.8
