民國年,西元年,月份,白米零售_稉種(蓬萊)(元/公斤),白米零售_硬秈(在來)(元/公斤),白米零售_軟秈(元/公斤),白米零售_圓糯(元/公斤),白米零售_長糯(元/公斤),白米躉售_稉種(蓬萊)(元/公斤),白米躉售_硬秈(在來)(元/公斤),白米躉售_軟秈(元/公斤),白米躉售_圓糯(元/公斤),白米躉售_長糯(元/公斤),稻穀_稉種(蓬萊)(元/公斤),稻穀_硬秈(在來)(元/公斤),稻穀_軟秈(元/公斤),稻穀_圓糯(元/公斤),稻穀_長糯(元/公斤)
99,2010,1,38.1,41.69,39.66,46.88,43.79,32.53,35.52,34.35,42.12,38.69,21.83,21.43,21.72,27.09,25.21
99,2010,2,38.72,41.9,39.92,47.65,44.81,33.3,35.83,34.77,42.68,39.53,22.27,21.72,21.98,27.23,25.42
99,2010,3,38.61,41.86,39.87,47.53,44.77,32.75,35.88,34.62,42.2,39.42,21.73,21.28,21.56,26.56,25.1
99,2010,4,38.18,41.72,39.73,47.33,44.8,32.09,35.79,34.27,41.46,39.17,21.36,20.97,21.06,26.12,24.75
99,2010,5,38.0,41.71,39.68,47.33,45.28,31.89,35.74,34.07,41.44,40.14,21.2,21.12,20.77,26.29,25.63
99,2010,6,37.79,41.69,39.52,47.16,45.67,31.59,35.68,33.66,40.84,40.17,20.78,20.95,20.32,25.79,25.41
99,2010,7,37.26,41.52,39.04,46.89,46.13,30.6,35.46,32.81,40.59,41.13,20.28,21.05,19.49,25.47,27.31
99,2010,8,37.17,41.6,38.79,47.13,47.53,30.42,35.42,32.52,40.83,42.71,20.31,21.17,19.38,25.57,28.15
99,2010,9,37.07,41.61,38.6,47.15,48.0,30.4,35.38,32.23,40.74,43.3,20.42,21.32,19.47,25.56,28.29
99,2010,10,36.77,41.53,38.39,46.93,48.03,30.01,35.29,31.85,40.1,43.23,19.94,21.13,19.11,25.1,28.04
99,2010,11,36.34,41.38,37.88,46.28,48.35,29.39,34.76,30.86,38.84,43.44,19.29,20.27,18.31,24.78,27.93
99,2010,12,36.67,41.39,37.92,47.5,51.52,30.13,34.68,31.02,40.42,46.75,19.75,20.71,18.71,24.84,30.38
100,2011,1,36.87,41.28,37.84,47.48,51.92,30.16,34.49,31.08,39.95,46.93,19.72,20.75,18.55,24.2,29.44
100,2011,2,36.8,41.15,37.47,47.37,52.19,30.12,34.35,30.92,39.91,47.16,19.71,20.72,18.39,24.29,29.85
100,2011,3,36.8,41.1,37.51,47.28,52.92,30.05,34.14,30.7,39.72,48.07,19.77,20.68,18.04,24.31,30.97
100,2011,4,36.96,41.1,37.56,47.33,53.61,30.51,34.25,30.29,39.79,49.48,20.54,21.05,18.19,24.65,32.41
100,2011,5,39.05,41.17,38.97,49.02,58.67,34.58,34.69,33.07,42.02,54.81,23.69,22.73,20.53,26.87,34.08
100,2011,6,38.39,40.95,39.0,47.89,53.93,32.81,34.34,32.79,39.9,46.15,21.95,22.54,20.19,24.87,26.02
100,2011,7,37.57,40.68,38.56,46.22,48.22,31.77,34.26,31.96,37.63,38.95,21.13,22.26,20.89,22.99,22.77
100,2011,8,37.86,40.87,38.63,45.5,46.44,32.84,34.34,32.31,37.42,38.44,21.91,21.21,20.87,22.91,23.47
100,2011,9,38.06,40.94,38.77,45.26,45.87,33.28,34.3,32.62,37.44,38.54,22.55,21.2,21.18,22.99,24.01
100,2011,10,38.37,41.01,39.05,45.21,45.71,33.6,34.34,32.85,37.42,38.61,22.86,21.35,21.47,23.22,24.08
100,2011,11,38.36,41.1,39.04,45.07,45.39,33.44,34.27,32.89,37.08,38.28,22.59,21.44,21.45,22.94,23.93
100,2011,12,38.5,41.09,39.2,44.79,45.24,33.66,34.24,32.96,37.07,38.16,22.81,21.54,21.75,22.96,24.1
101,2012,1,38.78,41.01,39.28,44.68,45.21,34.11,34.27,33.11,37.25,38.21,23.13,21.72,21.83,23.19,24.26
101,2012,2,38.86,41.01,39.27,44.67,45.13,34.22,34.54,33.2,37.33,38.26,23.23,21.81,21.82,23.35,24.29
101,2012,3,38.86,40.97,39.23,44.54,45.03,34.21,34.51,33.21,37.36,38.27,23.31,22.04,21.73,23.39,24.18
101,2012,4,39.58,41.11,39.62,44.82,45.45,34.98,34.54,33.67,37.75,38.57,23.97,21.93,22.13,23.65,24.43
101,2012,5,39.71,41.07,39.86,44.85,45.58,34.8,34.47,34.11,37.79,38.66,23.62,21.81,22.21,23.75,24.45
101,2012,6,39.09,40.63,39.35,44.34,44.85,33.64,34.21,33.93,37.07,37.72,22.61,21.65,21.82,23.45,23.57
101,2012,7,38.95,40.49,39.45,43.98,44.32,33.63,34.11,34.94,37.05,37.57,22.54,21.3,23.84,23.88,23.96
101,2012,8,39.05,40.76,40.22,44.29,44.62,33.9,34.21,36.53,37.66,38.05,22.93,21.48,24.37,24.1,24.34
101,2012,9,39.16,40.6,40.75,44.44,44.76,33.97,34.31,36.59,37.8,38.14,23.08,20.77,24.25,24.18,24.41
101,2012,10,39.14,40.62,41.05,44.43,44.68,33.88,34.51,36.83,37.76,38.04,22.95,20.49,24.11,24.13,24.31
101,2012,11,39.16,40.68,41.26,44.43,44.67,33.91,34.52,37.15,37.56,37.82,22.9,20.33,23.84,24.3,24.18
101,2012,12,39.27,40.75,41.31,44.42,44.7,34.07,34.53,37.26,37.52,37.84,22.91,20.35,23.7,24.74,24.17
102,2013,1,39.28,40.76,41.3,44.4,44.71,34.02,34.36,37.09,37.47,37.76,22.76,20.42,23.39,24.73,23.98
102,2013,2,39.28,40.77,41.37,44.38,44.69,33.91,34.6,36.97,37.41,37.65,22.55,20.42,23.12,24.52,23.71
102,2013,3,39.22,40.75,41.3,44.35,44.59,33.5,34.61,36.55,37.13,37.35,22.16,20.42,22.55,24.09,23.53
102,2013,4,38.92,40.96,41.08,44.23,44.36,32.89,34.87,36.0,36.81,37.08,21.57,20.51,21.9,23.7,23.13
102,2013,5,38.73,40.95,40.95,44.12,44.23,32.53,34.82,35.8,36.71,36.92,21.33,20.61,21.59,23.85,23.12
102,2013,6,38.74,40.95,40.9,44.05,44.16,32.72,34.88,35.71,36.85,37.0,21.49,20.61,21.41,24.12,23.55
102,2013,7,38.96,41.0,41.0,44.32,44.47,33.5,35.12,36.13,37.9,37.96,22.16,20.97,23.33,25.43,24.82
102,2013,8,38.96,41.12,40.96,44.51,44.65,33.45,35.15,36.5,38.6,38.48,22.02,21.11,22.99,25.43,24.74
102,2013,9,38.94,41.15,40.99,44.56,44.69,33.48,35.13,36.54,38.64,38.49,22.09,21.22,22.8,25.4,24.59
102,2013,10,38.97,41.18,40.86,44.56,44.7,33.58,35.2,36.56,38.71,38.59,22.23,21.34,22.8,25.47,24.57
102,2013,11,39.02,41.19,40.84,44.75,44.88,33.8,35.3,36.62,38.95,38.8,22.45,21.31,22.87,25.6,24.75
102,2013,12,39.53,41.49,41.21,47.94,47.68,34.72,35.61,36.86,43.32,42.6,23.28,21.43,23.15,27.41,26.82
103,2014,1,39.95,41.65,41.35,49.85,49.27,35.51,35.77,37.15,45.33,44.23,23.99,21.72,23.35,28.38,27.77
103,2014,2,41.12,41.79,41.72,50.11,49.54,37.21,35.91,37.63,45.49,44.31,24.93,21.59,23.46,28.53,28.08
103,2014,3,41.96,41.9,42.01,50.23,49.78,37.91,35.49,37.82,45.11,43.97,25.07,21.11,23.42,28.41,28.18
103,2014,4,41.81,41.83,41.98,49.99,49.56,37.7,35.52,37.72,44.49,43.68,24.93,21.11,23.39,28.22,27.67
103,2014,5,41.83,41.67,42.07,49.86,49.42,37.58,35.48,37.65,44.15,43.47,24.8,21.11,23.39,28.11,27.35
103,2014,6,41.48,41.66,41.94,49.28,48.87,36.46,35.35,37.22,42.86,42.15,23.87,21.46,23.29,27.19,25.94
103,2014,7,40.77,41.67,41.36,47.95,47.36,35.0,35.22,36.22,41.23,39.71,23.02,21.63,22.54,27.04,23.94
103,2014,8,40.83,41.89,41.25,48.52,47.43,35.36,35.35,35.92,42.73,40.1,23.39,21.83,21.86,27.65,23.63
103,2014,9,40.95,41.96,41.29,49.15,47.5,35.66,35.3,35.92,43.78,40.39,23.77,21.9,21.86,27.83,23.87
103,2014,10,40.93,42.03,41.26,49.39,47.38,35.62,35.21,35.9,44.17,40.28,23.65,21.73,21.85,27.86,23.76
103,2014,11,41.03,42.2,41.31,49.53,47.5,35.59,35.39,35.87,44.28,40.22,23.46,21.72,21.85,27.89,23.75
103,2014,12,41.28,42.44,41.59,49.67,47.5,35.72,35.92,36.17,44.32,40.39,23.42,21.67,22.04,28.51,23.85
104,2015,1,41.24,42.37,41.6,49.93,47.55,35.73,35.68,36.21,44.38,40.3,23.82,21.67,22.19,28.61,24.18
104,2015,2,41.29,42.5,41.72,50.22,47.97,35.81,35.74,36.25,44.72,41.38,23.75,21.67,22.28,28.84,24.93
104,2015,3,41.37,42.62,41.78,51.21,50.29,35.84,35.94,36.33,45.8,44.85,23.79,21.74,22.67,29.52,29.28
104,2015,4,41.4,42.64,41.83,51.52,50.81,35.81,35.95,36.27,45.92,45.27,23.8,21.78,22.9,29.48,29.72
104,2015,5,41.32,42.63,41.84,51.38,50.84,35.54,35.85,36.15,45.19,44.6,23.61,21.78,22.83,28.18,28.38
104,2015,6,41.19,42.61,41.81,51.13,50.83,35.05,35.86,36.02,44.36,44.24,23.13,21.76,22.65,27.54,27.77
104,2015,7,41.08,42.64,41.79,51.37,51.16,34.69,35.89,36.09,44.83,45.32,22.36,21.67,23.08,28.02,29.03
104,2015,8,41.0,42.61,41.72,51.6,51.71,34.56,35.93,36.07,45.05,46.47,21.85,21.67,22.28,28.18,30.0
104,2015,9,41.02,42.61,41.73,51.83,53.44,34.58,35.98,36.13,44.9,48.4,21.88,21.67,22.1,27.99,31.73
104,2015,10,41.03,42.61,41.75,51.91,54.25,34.67,35.95,36.11,44.69,49.17,21.9,21.67,22.09,27.66,32.22
104,2015,11,41.13,42.63,41.78,51.94,54.64,35.38,36.0,36.25,44.58,50.07,22.86,21.37,22.28,27.26,32.87
104,2015,12,42.02,42.75,42.42,52.41,57.72,36.92,36.36,36.97,45.29,53.68,24.2,21.58,23.05,27.98,35.99
105,2016,1,42.45,42.92,42.72,52.84,60.09,37.27,36.63,37.29,45.44,55.01,24.37,21.67,23.24,28.11,36.73
105,2016,2,42.52,43.09,42.81,52.77,60.39,37.4,36.88,37.35,45.04,54.89,24.46,21.67,23.26,27.66,36.5
105,2016,3,42.52,43.2,42.83,52.31,60.19,37.37,36.97,37.36,44.02,53.83,24.44,21.67,23.36,26.76,34.33
105,2016,4,42.45,43.15,42.82,52.0,59.88,37.26,37.08,37.36,43.21,53.06,24.42,21.67,23.35,26.34,34.15
105,2016,5,42.3,43.14,42.8,51.68,59.65,37.0,37.0,37.12,42.61,52.64,24.19,21.67,23.23,26.05,33.58
105,2016,6,42.11,43.1,42.79,50.93,58.54,36.12,36.93,37.16,41.56,50.83,23.61,21.67,23.0,25.58,31.75
105,2016,7,41.68,43.0,42.37,49.89,56.53,35.35,36.95,36.58,40.28,46.13,22.98,21.97,23.42,24.23,25.9
105,2016,8,41.44,42.83,42.2,49.16,54.62,35.23,36.99,36.37,39.77,44.88,22.91,22.22,22.26,23.95,26.3
105,2016,9,41.42,42.85,42.23,49.05,54.16,35.22,37.01,36.41,39.62,44.71,22.84,22.22,22.33,23.95,26.33
105,2016,10,41.53,42.79,42.36,48.78,53.54,35.58,37.12,36.68,39.53,44.97,23.19,22.4,22.53,23.94,26.52
105,2016,11,42.16,43.03,42.7,48.89,53.82,36.84,37.4,37.22,40.14,45.88,24.2,22.91,23.34,24.44,27.64
105,2016,12,43.29,43.69,43.64,49.51,54.48,38.57,38.31,38.27,41.15,46.92,25.25,23.89,24.16,25.28,29.01
106,2017,1,43.83,44.1,43.98,49.79,54.75,39.0,38.61,38.59,41.46,47.07,25.27,24.04,24.18,25.37,29.24
106,2017,2,44.02,44.35,44.11,49.8,54.76,39.02,38.88,38.61,41.52,47.03,25.26,24.03,24.17,25.36,29.18
106,2017,3,44.04,44.41,44.07,49.7,54.42,38.7,38.9,38.41,41.19,46.29,25.04,24.2,23.99,25.25,28.17
106,2017,4,43.89,44.42,43.98,49.28,53.84,38.35,38.88,38.1,40.75,45.35,24.83,24.0,23.64,25.02,26.92
106,2017,5,43.78,44.44,43.79,48.94,53.03,37.86,38.85,37.97,40.4,44.15,24.54,24.25,23.36,25.19,25.59
106,2017,6,43.14,44.41,43.49,48.79,52.23,36.25,38.82,37.84,41.11,43.06,23.51,24.25,23.24,25.32,24.96
106,2017,7,42.68,44.64,43.78,49.18,51.64,35.41,39.24,38.53,42.39,42.29,22.72,24.62,24.53,26.67,24.99
106,2017,8,42.55,45.02,44.58,49.47,51.25,35.24,39.95,39.79,42.85,41.88,22.56,24.68,25.22,26.98,24.87
106,2017,9,42.48,45.11,45.34,49.72,51.13,35.21,40.0,40.22,42.88,41.81,22.62,24.38,25.56,26.96,24.88
106,2017,10,42.42,45.19,45.42,49.75,50.99,35.14,40.01,40.28,42.72,41.63,22.58,24.0,25.67,26.67,24.68
106,2017,11,42.26,45.6,45.35,49.5,50.6,34.93,40.09,40.19,42.21,41.13,22.33,24.14,25.39,26.39,24.3
106,2017,12,42.22,45.59,45.45,49.5,50.26,34.96,40.07,40.17,42.25,40.99,22.38,24.24,25.15,26.1,24.18
107,2018,1,42.17,45.48,45.41,49.5,49.88,35.0,39.82,40.2,42.19,40.88,22.41,24.05,24.99,26.16,24.02
107,2018,2,42.23,45.48,45.42,49.56,49.69,35.04,39.77,40.35,42.04,40.5,22.45,23.78,25.0,26.26,23.77
107,2018,3,42.27,45.45,45.41,49.56,49.65,35.06,39.79,40.35,41.91,40.37,22.52,23.25,25.0,26.17,23.05
107,2018,4,42.24,45.46,45.4,49.57,49.62,35.18,39.8,40.39,41.81,40.35,22.72,23.19,25.06,25.86,22.54
107,2018,5,42.24,45.45,45.43,49.56,49.58,35.54,39.87,40.5,41.73,40.36,23.09,22.13,25.16,25.72,22.69
107,2018,6,42.09,45.45,45.44,49.48,49.35,35.12,39.91,40.3,41.39,40.2,22.24,22.06,24.78,25.37,22.99
107,2018,7,41.81,45.45,45.22,49.22,49.15,34.55,39.82,39.84,40.83,39.82,21.43,21.08,22.57,24.29,22.2
107,2018,8,41.58,45.4,44.68,48.8,48.73,34.35,39.63,38.91,40.51,39.4,21.3,20.85,21.32,24.08,21.28
107,2018,9,41.46,45.27,44.45,48.48,48.2,34.32,39.45,38.15,40.28,39.04,21.42,20.84,21.3,24.07,21.4
107,2018,10,41.42,45.26,44.23,48.37,48.03,34.26,39.31,37.97,40.08,38.78,21.46,20.85,21.26,24.08,21.46
107,2018,11,41.38,45.15,44.2,48.15,47.77,34.13,38.99,37.7,39.77,38.55,21.36,20.89,21.24,23.71,21.22
107,2018,12,41.37,44.88,44.16,47.88,47.41,33.97,38.81,37.5,39.26,38.12,21.34,20.88,21.06,23.13,21.22
108,2019,1,41.34,44.75,43.87,47.49,46.98,33.95,38.8,37.14,38.91,37.82,21.36,20.8,20.92,22.94,21.11
108,2019,2,41.2,44.94,43.9,47.42,46.9,33.88,38.91,37.03,38.82,37.76,21.35,20.69,20.86,23.04,21.12
108,2019,3,41.15,45.05,43.85,47.42,46.83,33.77,38.86,36.58,38.8,37.67,21.26,20.54,19.79,23.05,21.15
108,2019,4,41.07,44.99,43.49,47.27,46.65,33.65,38.67,36.17,38.68,37.48,21.19,20.43,19.08,22.98,21.02
108,2019,5,41.01,45.05,43.28,47.13,46.47,33.5,38.45,35.67,38.48,37.26,21.06,20.32,18.88,23.14,21.31
108,2019,6,40.91,44.97,42.97,46.92,46.39,33.39,38.42,35.42,38.2,37.36,20.88,20.05,18.65,22.68,22.02
108,2019,7,41.09,44.99,42.28,47.35,48.12,34.12,38.33,34.7,39.28,41.28,21.63,19.79,18.23,23.67,25.69
108,2019,8,41.35,45.06,41.78,48.33,50.44,35.04,38.16,34.46,40.27,43.75,22.39,20.61,18.68,24.32,27.39
108,2019,9,41.51,45.12,41.67,48.64,51.12,35.35,38.16,34.53,40.23,43.94,22.34,20.97,18.78,24.32,27.67
108,2019,10,41.52,45.07,41.57,48.6,51.08,35.24,38.22,34.5,40.31,43.55,22.19,21.12,18.79,24.09,27.44
108,2019,11,41.52,44.85,41.6,48.49,50.98,35.2,38.22,34.57,40.2,43.4,22.22,21.43,18.31,24.04,27.46
108,2019,12,41.49,44.92,41.62,48.48,50.94,35.12,38.24,34.82,40.15,43.35,22.1,21.52,18.09,24.2,27.53
109,2020,1,41.5,45.0,41.67,48.52,51.04,35.03,38.03,34.76,40.03,43.27,22.05,21.62,18.08,24.23,27.22
109,2020,2,41.47,45.03,41.64,48.53,51.07,34.88,38.0,34.77,39.91,43.17,21.96,21.55,18.22,24.24,27.13
109,2020,3,41.44,45.1,41.75,48.57,51.04,34.79,38.06,35.24,39.86,43.17,22.0,21.56,19.29,24.5,27.41
109,2020,4,41.45,45.45,42.04,48.92,51.32,34.83,38.14,36.05,40.45,44.08,22.42,21.62,20.5,25.23,28.21
109,2020,5,41.43,45.41,42.12,49.1,51.71,34.75,38.41,36.56,40.91,44.79,22.17,21.62,20.53,25.34,28.4
109,2020,6,41.32,45.56,42.28,49.02,51.58,33.96,38.07,36.06,40.25,43.95,21.12,21.48,20.21,24.35,26.75
109,2020,7,41.21,45.57,43.01,49.0,51.49,33.81,38.05,37.54,41.25,44.55,21.01,21.54,23.76,25.8,28.45
109,2020,8,41.09,45.59,43.9,49.05,51.54,33.72,37.92,38.07,41.21,44.63,20.94,21.35,23.93,25.51,28.1
109,2020,9,41.03,45.5,44.43,48.95,51.55,33.64,38.01,37.81,40.93,44.3,20.91,20.66,23.73,24.97,27.45
109,2020,10,40.96,45.35,44.72,48.92,51.52,33.56,38.01,37.83,40.79,44.22,20.77,20.4,23.7,24.82,27.58
109,2020,11,40.97,45.35,44.81,49.03,51.9,33.56,38.32,38.04,41.2,45.64,20.4,20.18,23.6,25.55,29.85
109,2020,12,41.12,45.4,45.09,50.54,54.15,34.26,38.67,38.48,44.11,49.48,21.7,20.52,23.63,27.48,32.58
110,2021,1,41.23,45.42,45.24,51.8,56.19,34.64,38.79,38.68,44.89,50.72,22.26,21.35,23.89,27.7,33.04
110,2021,2,41.96,45.64,45.5,52.2,57.26,35.86,39.23,39.53,45.17,51.29,23.38,22.08,24.27,27.52,33.0
110,2021,3,42.3,45.75,45.76,52.26,57.22,36.19,39.32,39.82,44.97,51.01,23.46,22.12,24.12,27.26,32.58
110,2021,4,42.4,45.93,45.81,52.21,56.96,35.96,39.26,39.49,44.16,49.98,23.04,22.11,23.22,26.73,30.39
110,2021,5,42.43,45.94,45.85,51.98,56.58,35.84,39.33,39.28,43.75,49.05,22.97,22.11,23.22,26.55,29.24
110,2021,6,42.51,45.93,45.96,51.9,56.14,35.82,39.49,39.33,43.72,48.0,22.5,22.28,23.2,26.23,28.18
110,2021,7,42.37,45.82,46.03,51.65,55.18,35.45,39.33,39.18,42.69,44.3,21.72,22.5,21.39,25.03,27.21
110,2021,8,42.12,45.63,45.75,51.37,53.37,35.27,39.37,38.35,42.25,42.23,21.84,22.5,21.13,24.73,27.59
110,2021,9,42.1,45.65,45.5,51.2,52.88,35.23,39.59,38.12,42.19,41.9,21.85,22.5,21.08,24.61,27.48
110,2021,10,42.07,45.65,45.4,50.9,52.47,35.17,39.59,38.02,42.0,41.71,21.78,22.5,21.08,24.47,27.31
110,2021,11,42.04,45.69,45.38,50.84,52.35,35.2,39.56,38.0,41.99,41.75,21.71,22.52,21.11,24.06,25.51
110,2021,12,42.11,45.9,45.38,50.83,52.34,35.6,39.78,38.07,42.3,42.18,22.42,22.65,21.18,24.44,22.31
111,2022,1,42.32,46.77,45.39,50.83,51.97,35.76,40.34,38.32,42.26,42.18,22.43,23.34,21.18,24.81,22.31
111,2022,2,42.34,46.98,45.42,50.81,51.97,35.79,40.48,38.29,42.26,42.15,22.41,23.78,21.18,24.74,22.51
111,2022,3,42.46,47.15,45.42,50.74,51.98,35.84,40.49,38.43,42.23,42.17,22.38,23.67,21.18,24.61,22.54
111,2022,4,42.46,47.36,45.53,50.76,51.95,35.91,40.68,38.61,42.11,42.1,22.71,24.17,21.25,24.95,23.02
111,2022,5,42.54,47.5,45.47,50.9,52.04,36.1,40.79,38.68,42.25,42.43,22.82,24.17,21.2,25.08,23.71
111,2022,6,42.71,47.72,45.61,50.93,52.09,36.13,40.95,38.64,42.18,42.56,22.3,22.14,21.27,24.65,23.94
111,2022,7,42.8,47.72,45.58,51.0,52.42,36.17,41.01,38.2,42.26,43.53,22.54,22.32,20.48,24.6,26.51
111,2022,8,42.74,47.71,45.51,51.01,52.68,36.11,41.03,37.96,42.28,44.02,22.58,22.45,20.16,24.73,26.73
111,2022,9,42.74,47.74,45.54,51.18,52.86,36.14,41.03,37.9,42.4,44.24,22.82,22.79,20.41,24.64,26.64
111,2022,10,42.74,47.72,45.5,51.31,52.95,36.26,41.06,37.85,42.42,44.34,23.04,23.05,20.83,24.64,26.66
111,2022,11,42.79,47.72,45.52,51.29,52.93,36.43,41.08,37.89,42.41,44.38,23.53,23.43,21.41,24.66,26.63
111,2022,12,42.89,47.78,45.62,51.24,52.89,36.64,41.13,37.95,42.41,44.47,23.7,23.38,21.5,24.6,26.62
112,2023,1,43.09,47.93,45.69,51.21,53.0,36.91,41.3,38.1,42.46,44.68,23.92,24.66,21.5,24.78,26.63
112,2023,2,43.21,47.96,45.73,51.28,53.22,37.07,41.33,38.26,42.49,44.7,24.03,25.0,21.52,24.95,26.6
112,2023,3,43.32,48.08,45.68,51.3,53.25,37.23,41.41,38.18,42.52,44.6,24.19,25.59,21.59,25.43,26.63
112,2023,4,43.5,48.29,45.76,51.51,53.27,37.46,41.49,38.1,42.81,44.67,24.51,26.39,23.43,26.16,26.84
112,2023,5,43.59,48.5,45.86,51.57,53.29,37.53,41.6,38.18,43.1,44.75,24.46,26.67,23.15,26.39,26.75
112,2023,6,43.64,48.53,45.96,51.59,53.24,37.43,41.51,38.0,43.28,44.59,23.79,24.17,21.67,26.39,26.25
112,2023,7,43.62,48.6,45.98,51.59,53.14,37.02,41.48,37.93,43.27,44.27,22.95,24.22,22.53,26.31,25.36
112,2023,8,43.64,48.63,46.04,51.59,53.08,36.91,41.52,38.08,43.29,44.15,22.93,24.24,23.09,26.28,24.57
112,2023,9,43.66,48.69,46.11,51.64,53.12,36.93,41.66,38.29,43.58,44.19,23.21,24.64,23.53,26.65,24.83
112,2023,10,43.69,48.77,46.04,51.75,53.18,37.04,41.87,38.41,43.87,44.37,23.43,25.0,23.87,27.05,25.16
112,2023,11,43.79,48.86,46.09,51.98,53.24,37.53,41.92,38.68,44.22,44.54,24.15,25.0,24.25,27.43,25.49
112,2023,12,44.47,49.33,46.47,52.86,53.41,38.95,42.28,39.41,45.42,45.03,25.63,,25.0,28.62,26.78
113,2024,1,45.0,49.7,46.79,53.44,53.77,39.35,42.55,39.88,46.17,45.4,25.78,25.9,25.0,28.95,26.96
113,2024,2,45.16,49.81,47.01,53.56,53.83,39.41,42.62,39.93,46.23,45.36,25.75,25.9,25.0,28.91,26.68
113,2024,3,45.18,49.76,47.04,53.71,53.91,39.38,42.67,39.91,46.11,45.27,25.7,25.97,25.0,28.65,26.49
113,2024,4,45.2,49.71,47.07,53.73,53.89,39.34,42.69,39.95,46.07,45.21,25.67,25.94,25.0,28.56,26.2
113,2024,5,45.09,49.74,46.87,53.77,53.83,39.09,42.58,39.6,45.91,45.01,25.26,25.51,24.08,28.23,25.69
113,2024,6,44.89,49.8,46.68,53.67,53.69,38.09,42.56,39.02,45.66,44.73,23.89,23.31,23.16,27.38,25.1
113,2024,7,44.71,49.84,46.36,53.61,53.61,37.58,42.58,39.24,45.66,44.7,23.94,20.99,24.56,28.24,25.39
113,2024,8,44.67,49.69,46.78,53.74,53.51,37.61,42.74,40.17,45.96,44.91,24.2,21.34,25.6,29.09,26.1
113,2024,9,44.68,49.71,47.12,54.1,53.56,37.8,42.76,40.98,46.26,45.01,24.52,20.97,25.82,29.11,26.4
113,2024,10,44.71,49.73,47.2,54.17,53.59,37.84,42.74,41.29,46.42,45.0,24.56,21.18,25.84,29.14,26.42
113,2024,11,44.99,49.84,47.71,54.43,53.74,38.45,42.82,41.92,46.72,45.15,25.23,21.7,26.63,29.28,26.44
113,2024,12,45.76,50.04,48.54,54.89,53.97,39.63,43.04,42.83,47.19,45.42,25.94,22.67,27.5,29.58,26.57
114,2025,1,46.21,50.4,49.09,55.3,54.24,39.99,43.28,43.45,47.46,45.54,25.87,23.0,27.5,29.5,26.55
114,2025,2,46.38,50.6,49.24,55.42,54.35,40.06,43.32,43.71,47.54,45.54,25.82,23.08,27.5,29.6,26.53
114,2025,3,46.42,50.76,49.47,55.49,54.36,40.06,43.4,44.43,47.56,45.52,25.83,23.08,27.5,29.7,26.75
114,2025,4,46.46,50.84,49.52,55.61,54.43,40.09,43.54,44.93,47.56,45.54,25.93,23.15,27.5,29.69,26.93
114,2025,5,46.44,50.97,49.85,55.87,54.63,40.2,43.56,45.62,47.89,45.77,25.97,23.16,27.5,29.79,27.39
114,2025,6,46.66,50.99,50.17,55.98,54.86,40.23,43.51,46.41,48.2,46.07,25.82,23.11,27.5,29.82,27.43
114,2025,7,46.78,51.09,51.17,56.21,55.41,40.32,43.45,48.02,48.51,47.12,25.6,24.15,26.94,29.79,28.49
114,2025,8,46.86,51.19,52.12,56.5,55.96,40.36,43.54,49.27,48.74,48.09,25.51,24.22,25.9,29.78,29.2
114,2025,9,46.89,51.2,52.49,56.54,56.09,40.35,43.57,49.85,48.82,48.33,25.58,24.66,25.9,29.82,29.42
114,2025,10,46.91,51.31,52.84,56.59,56.22,40.35,43.5,50.3,48.83,48.39,25.67,25.22,25.9,29.76,29.49
114,2025,11,46.95,51.43,52.99,56.6,56.29,40.39,43.41,50.51,48.86,48.43,25.88,25.03,25.9,29.7,29.48
114,2025,12,47.22,51.75,53.51,56.86,56.44,40.93,43.62,50.6,49.28,48.08,26.27,25.04,25.9,29.77,29.68
115,2026,1,47.53,52.02,53.72,57.03,56.62,41.23,43.86,50.34,49.36,48.34,26.38,25.04,26.85,29.78,30.0
115,2026,2,47.73,52.28,53.43,57.24,56.88,41.49,44.19,50.45,49.4,49.31,26.63,25.03,28.86,29.84,30.73
115,2026,3,48.18,52.52,53.47,57.41,56.98,41.96,44.4,50.47,49.37,49.12,26.72,24.97,29.15,29.8,30.85
115,2026,4,48.5,52.71,53.47,57.47,57.02,42.3,44.72,50.45,49.3,49.03,26.71,24.97,29.0,29.53,30.77
115,2026,5,48.63,52.71,53.55,57.6,57.19,42.28,44.74,49.82,49.19,49.03,26.31,24.97,27.99,28.71,30.42
115,2026,6,48.59,52.78,53.19,57.59,57.21,41.88,44.66,48.54,48.91,48.87,25.85,24.93,24.69,27.69,29.02
115,2026,7,48.43,52.8,52.36,57.39,57.12,41.5,44.66,46.77,48.4,48.69,25.39,24.68,23.75,27.23,27.98
115,2026,8,48.22,52.7,51.56,57.1,56.96,41.2,44.57,45.34,48.1,48.54,25.13,24.48,23.42,27.18,27.84
